datetime,timestamp,timestamp_desc,message,report,attribution,source,md5,ip,domain
2024-09-11T23:59:59+00:00,1726091999000,pSSL_IP,IP 141.105.71.116 had an SSL certificate 247106a405b288a46e70a0262717162d0903e734 issued not after 2024-09-11T23:59:59+00:00 {'info': {'extension': {'subjectKeyIdentifier': 'B3:90:A7:D8:C9:AF:4E:CD:61:3C:9F:7C:AD:5D:7F:41:FD:69:30:EA'; 'authorityKeyIdentifier': 'keyid:53:79:BF:5A:AA:2B:4A:CF:54:80:E1:D8:9B:C0:9D:F2:B2:03:66:CB\n'; 'extendedKeyUsage': 'TLS Web Server Authentication; TLS Web Client Authentication'; 'crlDistributionPoints': '\nFull Name:\n  URI:http://crl.usertrust.com/USERTrustRSACertificationAuthority.crl\n'; 'keyUsage': 'Digital Signature; Certificate Sign; CRL Sign'; 'certificatePolicies': 'Policy: 1.3.6.1.4.1.6449.1.2.2.26\nPolicy: 2.23.140.1.2.1\n'; 'authorityInfoAccess': 'CA Issuers - URI:http://crt.usertrust.com/USERTrustRSAAddTrustCA.crt\nOCSP - URI:http://ocsp.usertrust.com\n'; 'basicConstraints': 'CA:TRUE; pathlen:0'}; 'not_after': datetime.datetime(2024; 9; 11; 23; 59; 59; tzinfo=tzutc()); 'keylength': 2048; 'key': '-----BEGIN PUBLIC KEY-----\nMIIBIjANBgkqhkiG9w0BAQEFAAOCAQ8AMIIBCgKCAQEAlAQtpnmVdP/VADz1rtiU\nsSl8wI8LC4m5goOXbjco9aIaz9KSC5uo04eUc4QQn9w1y8Itkqwhucs7/EDBwYMh\n8L/49pz6nIIQwNCOTuUNTLCRXJC0pEBRFtrkhBItBVyhHxcZJFGqeurhBxuGjQFy\n8ufUgyM5nuDhTB9rIqO0EGaw7YKW125qtPI/tUL83Yq1q7otHTp1mzHcPp2sW9NB\nDWywG/U69XnqIaL49DNSSyQtHqSZsW1IvLgS/nJwfPf7AnX0jd7W2sCgMhpS3zhr\nLkU4Pz8ElgD9ofSiu9UX1id8G1hZlV6KEv2cq4E+UihIUYVr85Gyhj8ptW4DYu7W\nBQIDAQAB\n-----END PUBLIC KEY-----\n'; 'fingerprint': '247106A405B288A46E70A0262717162D0903E734'; 'issuer': 'C=US; ST=New Jersey; L=Jersey City; O=The USERTRUST Network; CN=USERTrust RSA Certification Authority'; 'not_before': datetime.datetime(2014; 9; 12; 0; 0; tzinfo=tzutc()); 'subject': 'C=FR; ST=Paris; L=Paris; O=Gandi; CN=Gandi Standard SSL CA 2'}; 'pem': '-----BEGIN CERTIFICATE-----\nMIIF6TCCA9GgAwIBAgIQBeTcO5Q4qzuFl8umoZhQ4zANBgkqhkiG9w0BAQwFADCB\niDELMAkGA1UEBhMCVVMxEzARBgNVBAgTCk5ldyBKZXJzZXkxFDASBgNVBAcTC0pl\ncnNleSBDaXR5MR4wHAYDVQQKExVUaGUgVVNFUlRSVVNUIE5ldHdvcmsxLjAsBgNV\nBAMTJVVTRVJUcnVzdCBSU0EgQ2VydGlmaWNhdGlvbiBBdXRob3JpdHkwHhcNMTQw\nOTEyMDAwMDAwWhcNMjQwOTExMjM1OTU5WjBfMQswCQYDVQQGEwJGUjEOMAwGA1UE\nCBMFUGFyaXMxDjAMBgNVBAcTBVBhcmlzMQ4wDAYDVQQKEwVHYW5kaTEgMB4GA1UE\nAxMXR2FuZGkgU3RhbmRhcmQgU1NMIENBIDIwggEiMA0GCSqGSIb3DQEBAQUAA4IB\nDwAwggEKAoIBAQCUBC2meZV0/9UAPPWu2JSxKXzAjwsLibmCg5duNyj1ohrP0pIL\nm6jTh5RzhBCf3DXLwi2SrCG5yzv8QMHBgyHwv/j2nPqcghDA0I5O5Q1MsJFckLSk\nQFEW2uSEEi0FXKEfFxkkUap66uEHG4aNAXLy59SDIzme4OFMH2sio7QQZrDtgpbX\nbmq08j+1QvzdirWrui0dOnWbMdw+naxb00ENbLAb9Tr1eeohovj0M1JLJC0epJmx\nbUi8uBL+cnB89/sCdfSN3tbawKAyGlLfOGsuRTg/PwSWAP2h9KK71RfWJ3wbWFmV\nXooS/ZyrgT5SKEhRhWvzkbKGPym1bgNi7tYFAgMBAAGjggF1MIIBcTAfBgNVHSME\nGDAWgBRTeb9aqitKz1SA4dibwJ3ysgNmyzAdBgNVHQ4EFgQUs5Cn2MmvTs1hPJ98\nrV1/Qf1pMOowDgYDVR0PAQH/BAQDAgGGMBIGA1UdEwEB/wQIMAYBAf8CAQAwHQYD\nVR0lBBYwFAYIKwYBBQUHAwEGCCsGAQUFBwMCMCIGA1UdIAQbMBkwDQYLKwYBBAGy\nMQECAhowCAYGZ4EMAQIBMFAGA1UdHwRJMEcwRaBDoEGGP2h0dHA6Ly9jcmwudXNl\ncnRydXN0LmNvbS9VU0VSVHJ1c3RSU0FDZXJ0aWZpY2F0aW9uQXV0aG9yaXR5LmNy\nbDB2BggrBgEFBQcBAQRqMGgwPwYIKwYBBQUHMAKGM2h0dHA6Ly9jcnQudXNlcnRy\ndXN0LmNvbS9VU0VSVHJ1c3RSU0FBZGRUcnVzdENBLmNydDAlBggrBgEFBQcwAYYZ\naHR0cDovL29jc3AudXNlcnRydXN0LmNvbTANBgkqhkiG9w0BAQwFAAOCAgEAWGf9\ncrJq13xhlhl+2UNG0SZ9yFP6ZrBrLafTqlb3OojQO3LJUP33WbKqaPWMcwO7lWUX\nzi8c3ZgTopHJ7qFAbjyY1lzzsiI8Le4bpOHeICQW8owRc5E69vrOJAKHypPstLbI\nFhfFcvwnQPYT/pOmnVHvPCvYd1ebjGU6NSU2t7WKY28HJ5OxYI2A25bUeo8tqxyI\nyW5+1mUfr13KFj8oRtygNeX56eXVlogMT8a3d2dIhCe2H7Bo26y/d7CQuKLJHDJd\nArolQ4FCR7vY4Y8MDEZf7kYzawMUgtN+zY+vkNaOJH1AQrRqahfGlZfh8jjNp+20\nJ0CT33KpuMZmYzc4ZCIwojvxuch7yPspOqsactIGEk72gtQjbz7Dk+XYtsDe3CMW\n1hMwt6CaDixVBgBwAc/qOR2A24j3pSC4W/0xJmmPLQphgzpHphNULB7j7UTKvGof\nKA5R2d4On3XNDgOVyvnFqSot/kGkoUeuDcL5OWYzSlvhhChZbH2UF3bkRYKtcCD9\n0m9jqNf6oDP6N8v3smWe2lBvP+Sn845dWDKXcCMu5/3EFZucJ48y7RetWIExKREa\nm9T8bJUox04FB6b9HbwZ4ui3uRGKLXASUoWNjDNKD/yZkuBjcNqllEdjB+dYxzFf\nBT02Vf6Dsuimrdfp5gJ0iHRc2jTbkNJtUQoj1iM=\n-----END CERTIFICATE-----\n'; 'icsi': {'first_seen': '16342'; 'version': '1'; 'validated': '1'; 'times_seen': '421'; 'last_seen': '16764'}},https://securelist.com/operation-shadowhammer/89992/,ShadowHammer,,247106a405b288a46e70a0262717162d0903e734,141.105.71.116,
2020-05-30T10:48:38+00:00,1590828518000,pSSL_IP,IP 141.105.71.116 had an SSL certificate 3d4b2a4c64317143f50258d7e6fd7d3c021a529e issued not after 2020-05-30T10:48:38+00:00 {'info': {'extension': {'subjectKeyIdentifier': 'A1:72:5F:26:1B:28:98:43:95:5D:07:37:D5:85:96:9D:4B:D2:C3:45'; 'crlDistributionPoints': '\nFull Name:\n  URI:http://crl.usertrust.com/AddTrustExternalCARoot.crl\n'; 'keyUsage': 'Certificate Sign; CRL Sign'; 'authorityKeyIdentifier': 'keyid:AD:BD:98:7A:34:B4:26:F7:FA:C4:26:54:EF:03:BD:E0:24:CB:54:1A\n'; 'basicConstraints': 'CA:TRUE'}; 'not_after': datetime.datetime(2020; 5; 30; 10; 48; 38; tzinfo=tzutc()); 'keylength': 2048; 'key': '-----BEGIN PUBLIC KEY-----\nMIIBIjANBgkqhkiG9w0BAQEFAAOCAQ8AMIIBCgKCAQEAsffDOD+0qH/POYJRZ9Bt\nn9L/WPPnnyvsDYlUmbk4mRb34CF5SMK7YXQSlh08anLVPBBnOjntKxPNZuuVCTOk\nbJex6MbswXV5nEZejavQav25KlUXEFSzGfCa9vGxXbanbfvgcRdrooj7AN/+GjF3\nDJoBerEy4ysBBzhuw6VeI7xFm3tQwckwj9vlK3rTW/szQB6g1ZgXvIuHw4nTXaCO\nsqqq9o5piAbF+okh8widaS4JM5spDUYPjMxJNLBpUb35Bs1orWZMvD6sYb0KiA7I\n3z3ufARMnQpea5HW7sftKI2rTYeJc9BupNAeFosU4XZEA39jrOTNSZzFkvSrMqFI\nWwIDAQAB\n-----END PUBLIC KEY-----\n'; 'fingerprint': '3D4B2A4C64317143F50258D7E6FD7D3C021A529E'; 'issuer': 'C=SE; O=AddTrust AB; OU=AddTrust External TTP Network; CN=AddTrust External CA Root'; 'not_before': datetime.datetime(2005; 6; 7; 8; 9; 10; tzinfo=tzutc()); 'subject': 'C=US; ST=UT; L=Salt Lake City; O=The USERTRUST Network; OU=http://www.usertrust.com; CN=UTN-USERFirst-Hardware'}; 'pem': '-----BEGIN CERTIFICATE-----\nMIIEPDCCAySgAwIBAgIQSEus8arH1xND0aJ0NUmXJTANBgkqhkiG9w0BAQUFADBv\nMQswCQYDVQQGEwJTRTEUMBIGA1UEChMLQWRkVHJ1c3QgQUIxJjAkBgNVBAsTHUFk\nZFRydXN0IEV4dGVybmFsIFRUUCBOZXR3b3JrMSIwIAYDVQQDExlBZGRUcnVzdCBF\neHRlcm5hbCBDQSBSb290MB4XDTA1MDYwNzA4MDkxMFoXDTIwMDUzMDEwNDgzOFow\ngZcxCzAJBgNVBAYTAlVTMQswCQYDVQQIEwJVVDEXMBUGA1UEBxMOU2FsdCBMYWtl\nIENpdHkxHjAcBgNVBAoTFVRoZSBVU0VSVFJVU1QgTmV0d29yazEhMB8GA1UECxMY\naHR0cDovL3d3dy51c2VydHJ1c3QuY29tMR8wHQYDVQQDExZVVE4tVVNFUkZpcnN0\nLUhhcmR3YXJlMIIBIjANBgkqhkiG9w0BAQEFAAOCAQ8AMIIBCgKCAQEAsffDOD+0\nqH/POYJRZ9Btn9L/WPPnnyvsDYlUmbk4mRb34CF5SMK7YXQSlh08anLVPBBnOjnt\nKxPNZuuVCTOkbJex6MbswXV5nEZejavQav25KlUXEFSzGfCa9vGxXbanbfvgcRdr\nooj7AN/+GjF3DJoBerEy4ysBBzhuw6VeI7xFm3tQwckwj9vlK3rTW/szQB6g1ZgX\nvIuHw4nTXaCOsqqq9o5piAbF+okh8widaS4JM5spDUYPjMxJNLBpUb35Bs1orWZM\nvD6sYb0KiA7I3z3ufARMnQpea5HW7sftKI2rTYeJc9BupNAeFosU4XZEA39jrOTN\nSZzFkvSrMqFIWwIDAQABo4GqMIGnMB8GA1UdIwQYMBaAFK29mHo0tCb3+sQmVO8D\nveAky1QaMB0GA1UdDgQWBBShcl8mGyiYQ5VdBzfVhZadS9LDRTAOBgNVHQ8BAf8E\nBAMCAQYwDwYDVR0TAQH/BAUwAwEB/zBEBgNVHR8EPTA7MDmgN6A1hjNodHRwOi8v\nY3JsLnVzZXJ0cnVzdC5jb20vQWRkVHJ1c3RFeHRlcm5hbENBUm9vdC5jcmwwDQYJ\nKoZIhvcNAQEFBQADggEBADzse+Cuow6WbTDXhcbSaFtFWoKmNA+wyZIjXhFtCBGy\ndAkjOjUlc1heyrl8KPpH7PmgA1hQtlPvjNs55Gfp2MooRtSn4PU4dfjny1y/HRE8\nakCbLURW0/f/BSgyDBXIZEWT6CEkjy3aeoR7T8/NsiV8dxDTlNEEkaglHAkiD31E\nNREU768A/l7qX46w2ZJZuvwTlqAYAVbO2vYoC7Gv3VxPXLLzj1pxz+0YrWOIHY6V\n9+qV5x+tkLiECEeFfyIvGh1IMNZMCNg3GWcyK+tc0LL8blefBDVekAB+EcfeEyrN\npG1FJseIVqDwavfY5/wnfmcI0L36tsNhAgFlubgvz1o=\n-----END CERTIFICATE-----\n'; 'icsi': {'first_seen': '15387'; 'version': '1'; 'validated': '1'; 'times_seen': '1376'; 'last_seen': '16764'}},https://securelist.com/operation-shadowhammer/89992/,ShadowHammer,,3d4b2a4c64317143f50258d7e6fd7d3c021a529e,141.105.71.116,
2020-05-30T10:48:38+00:00,1590828518000,pSSL_IP,IP 141.105.71.116 had an SSL certificate a9f79883a075ce82d20d274d1368e876140d33b3 issued not after 2020-05-30T10:48:38+00:00 {'info': {'extension': {'subjectKeyIdentifier': 'B6:A8:FF:A2:A8:2F:D0:A6:CD:4B:B1:68:F3:E7:50:10:31:A7:79:21'; 'authorityKeyIdentifier': 'keyid:A1:72:5F:26:1B:28:98:43:95:5D:07:37:D5:85:96:9D:4B:D2:C3:45\n'; 'crlDistributionPoints': '\nFull Name:\n  URI:http://crl.usertrust.com/UTN-USERFirst-Hardware.crl\n'; 'keyUsage': 'Certificate Sign; CRL Sign'; 'certificatePolicies': 'Policy: 1.3.6.1.4.1.6449.1.2.2.26\n'; 'authorityInfoAccess': 'CA Issuers - URI:http://crt.usertrust.com/UTNAddTrustServer_CA.crt\nOCSP - URI:http://ocsp.usertrust.com\n'; 'basicConstraints': 'CA:TRUE; pathlen:0'}; 'not_after': datetime.datetime(2020; 5; 30; 10; 48; 38; tzinfo=tzutc()); 'keylength': 2048; 'key': '-----BEGIN PUBLIC KEY-----\nMIIBIjANBgkqhkiG9w0BAQEFAAOCAQ8AMIIBCgKCAQEAtlQ9pdsNInhQalojiT+X\nodQHGqlYCJugFcMytrfx6Lmlb6039m5xG7R1LUhen8YVqoHv5cSIlYo6bHfMtc1l\n5Gflc8lQUpTBJ0k+oGtBFkG2lJlBrj7L4gZGCelNvslMVakYfqbfbv1KssxsTtnI\nUBWTs/Lp48JqrTrV+8N5UJ8leSmyR2R8ID7iCE2TKRS2NG7PcUZ+dhD0/WyqAdLC\nBt6Sg8xYkC6S3h5lt2MvPbLrcIxM4L4Vnd7BTVb4C8aOB7ld35Xwe0AfGizXnCtL\ndvRZ9UPBLGYQnp5mlmCdHHQbThhcCLBubMppGgLpu8p472Yu4zL9QVyVdIFN9Nr+\nSwIDAQAB\n-----END PUBLIC KEY-----\n'; 'fingerprint': 'A9F79883A075CE82D20D274D1368E876140D33B3'; 'issuer': 'C=US; ST=UT; L=Salt Lake City; O=The USERTRUST Network; OU=http://www.usertrust.com; CN=UTN-USERFirst-Hardware'; 'not_before': datetime.datetime(2008; 10; 23; 0; 0; tzinfo=tzutc()); 'subject': 'C=FR; O=GANDI SAS; CN=Gandi Standard SSL CA'}; 'pem': '-----BEGIN CERTIFICATE-----\nMIIEozCCA4ugAwIBAgIQWrYdrB5NogYUx1U9Pamy3DANBgkqhkiG9w0BAQUFADCB\nlzELMAkGA1UEBhMCVVMxCzAJBgNVBAgTAlVUMRcwFQYDVQQHEw5TYWx0IExha2Ug\nQ2l0eTEeMBwGA1UEChMVVGhlIFVTRVJUUlVTVCBOZXR3b3JrMSEwHwYDVQQLExho\ndHRwOi8vd3d3LnVzZXJ0cnVzdC5jb20xHzAdBgNVBAMTFlVUTi1VU0VSRmlyc3Qt\nSGFyZHdhcmUwHhcNMDgxMDIzMDAwMDAwWhcNMjAwNTMwMTA0ODM4WjBBMQswCQYD\nVQQGEwJGUjESMBAGA1UEChMJR0FOREkgU0FTMR4wHAYDVQQDExVHYW5kaSBTdGFu\nZGFyZCBTU0wgQ0EwggEiMA0GCSqGSIb3DQEBAQUAA4IBDwAwggEKAoIBAQC2VD2l\n2w0ieFBqWiOJP5eh1AcaqVgIm6AVwzK2t/HouaVvrTf2bnEbtHUtSF6fxhWqge/l\nxIiVijpsd8y1zWXkZ+VzyVBSlMEnST6ga0EWQbaUmUGuPsviBkYJ6U2+yUxVqRh+\npt9u/UqyzGxO2chQFZOz8unjwmqtOtX7w3lQnyV5KbJHZHwgPuIITZMpFLY0bs9x\nRn52EPT9bKoB0sIG3pKDzFiQLpLeHmW3Yy89sutwjEzgvhWd3sFNVvgLxo4HuV3f\nlfB7QB8aLNecK0t29Fn1Q8EsZhCenmaWYJ0cdBtOGFwIsG5symkaAum7ynjvZi7j\nMv1BXJV0gU302v5LAgMBAAGjggE+MIIBOjAfBgNVHSMEGDAWgBShcl8mGyiYQ5Vd\nBzfVhZadS9LDRTAdBgNVHQ4EFgQUtqj/oqgv0KbNS7Fo8+dQEDGneSEwDgYDVR0P\nAQH/BAQDAgEGMBIGA1UdEwEB/wQIMAYBAf8CAQAwGAYDVR0gBBEwDzANBgsrBgEE\nAbIxAQICGjBEBgNVHR8EPTA7MDmgN6A1hjNodHRwOi8vY3JsLnVzZXJ0cnVzdC5j\nb20vVVROLVVTRVJGaXJzdC1IYXJkd2FyZS5jcmwwdAYIKwYBBQUHAQEEaDBmMD0G\nCCsGAQUFBzAChjFodHRwOi8vY3J0LnVzZXJ0cnVzdC5jb20vVVROQWRkVHJ1c3RT\nZXJ2ZXJfQ0EuY3J0MCUGCCsGAQUFBzABhhlodHRwOi8vb2NzcC51c2VydHJ1c3Qu\nY29tMA0GCSqGSIb3DQEBBQUAA4IBAQAZU78DPZvia1r9ukkfT+zhxoI5PNIDBA+r\nez6CqYUQH/TeMq9YP/9w8zAdly1MmuLsDD4ULS+YSJ2uFmqsLUKqtWSkcLvrc5R7\nRkznehR2W0wdhKEgdB8uS1xwiNy99xk97VkN4j8m4pyspDyVHPi+jAOu8OWcTbzH\nm1gAv6+t+jducW0YNA7B6mr4Dd9pVFYV8iiz/qRj7MUEZGC7/irw9IehsK69quQv\n4wMLL2ZfhaQye0btJQzn8bfnGf1gul+Hd96YB5bkXupjfajeVdphXDyQg0MEBzzd\n8/ifBlIK3se2e4/hEfcEejX/arxbx1BJCHBvlEPNnsdw8dvQbdqP\n-----END CERTIFICATE-----\n'; 'icsi': {'first_seen': '15390'; 'version': '1'; 'validated': '1'; 'times_seen': '1372'; 'last_seen': '16764'}},https://securelist.com/operation-shadowhammer/89992/,ShadowHammer,,a9f79883a075ce82d20d274d1368e876140d33b3,141.105.71.116,
2020-05-30T10:48:38+00:00,1590828518000,pSSL_IP,IP 141.105.71.116 had an SSL certificate eab040689a0d805b5d6fd654fc168cff00b78be3 issued not after 2020-05-30T10:48:38+00:00 {'info': {'extension': {'subjectKeyIdentifier': '53:79:BF:5A:AA:2B:4A:CF:54:80:E1:D8:9B:C0:9D:F2:B2:03:66:CB'; 'authorityKeyIdentifier': 'keyid:AD:BD:98:7A:34:B4:26:F7:FA:C4:26:54:EF:03:BD:E0:24:CB:54:1A\n'; 'crlDistributionPoints': '\nFull Name:\n  URI:http://crl.usertrust.com/AddTrustExternalCARoot.crl\n'; 'keyUsage': 'Digital Signature; Certificate Sign; CRL Sign'; 'certificatePolicies': 'Policy: X509v3 Any Policy\n'; 'authorityInfoAccess': 'OCSP - URI:http://ocsp.usertrust.com\n'; 'basicConstraints': 'CA:TRUE'}; 'not_after': datetime.datetime(2020; 5; 30; 10; 48; 38; tzinfo=tzutc()); 'keylength': 4096; 'key': '-----BEGIN PUBLIC KEY-----\nMIICIjANBgkqhkiG9w0BAQEFAAOCAg8AMIICCgKCAgEAgBJlFzYOw9sIs9CsVw12\n7c0n00ytUINh4qogTQktZAnczomfzD2p7PbPwdzx07HWezcoEStH2jnGvDoZtF+m\nvX2do2NCtnbyqTsrkfjib9DsFiCQCT7i6HTJGLSR1GJk23+jBvGIGGqQIjy8/hPw\nhxR79uQfjtTkUcYRZ0YIUcuGFFQ/vDP+fmyc/xadGL1RjjWmp2bIcmfbIWax1Jt4\nA8BQOujM8Ny8nkz+rwWWNR9XWrf/zvk9tyy29lTdyOcSOk2uTIq3XJq0tyA9yn8i\nNK5+O2hmAUTnAU5GU5szYPeUvlM3kHND8zLDU+/bqv50TmnHa4xgk97Exwzf4TKu\nzJM7UXiVZ4vuPVb+DNBpDxsP8yUmazNt925H+nND5X4OpWaxKXwyhGNVicQNwZNU\nMBkTrNN9N6frXTpsNVzbQdcS2qlJC9/YgIoJk2KOtWbPJYjNhLixP6Q5D9kCnusS\nTJV882sFqV4Wg8y4Z+LoE53MW4LTTLPtW//e5XOsIzstAL81VXQJSdhJWBp/kjbm\nUZIO8yZ9HE0XvMnsQybQv0FfQKlERPSZ51eHnlAfV1SoPv10Yy+xUGUJ5lhCLkMa\nTLTwJUdZ+gQek9QmRkpQgbLevni3/GcV4clXhB4PY9bpYrrWX1Uu6lzGKAgEJTm4\nDiup8kyXHAc/DVL17e8vgg8CAwEAAQ==\n-----END PUBLIC KEY-----\n'; 'fingerprint': 'EAB040689A0D805B5D6FD654FC168CFF00B78BE3'; 'issuer': 'C=SE; O=AddTrust AB; OU=AddTrust External TTP Network; CN=AddTrust External CA Root'; 'not_before': datetime.datetime(2000; 5; 30; 10; 48; 38; tzinfo=tzutc()); 'subject': 'C=US; ST=New Jersey; L=Jersey City; O=The USERTRUST Network; CN=USERTrust RSA Certification Authority'}; 'pem': '-----BEGIN CERTIFICATE-----\nMIIFdzCCBF+gAwIBAgIQE+oocFv07O0MNmMJgGFDNjANBgkqhkiG9w0BAQwFADBv\nMQswCQYDVQQGEwJTRTEUMBIGA1UEChMLQWRkVHJ1c3QgQUIxJjAkBgNVBAsTHUFk\nZFRydXN0IEV4dGVybmFsIFRUUCBOZXR3b3JrMSIwIAYDVQQDExlBZGRUcnVzdCBF\neHRlcm5hbCBDQSBSb290MB4XDTAwMDUzMDEwNDgzOFoXDTIwMDUzMDEwNDgzOFow\ngYgxCzAJBgNVBAYTAlVTMRMwEQYDVQQIEwpOZXcgSmVyc2V5MRQwEgYDVQQHEwtK\nZXJzZXkgQ2l0eTEeMBwGA1UEChMVVGhlIFVTRVJUUlVTVCBOZXR3b3JrMS4wLAYD\nVQQDEyVVU0VSVHJ1c3QgUlNBIENlcnRpZmljYXRpb24gQXV0aG9yaXR5MIICIjAN\nBgkqhkiG9w0BAQEFAAOCAg8AMIICCgKCAgEAgBJlFzYOw9sIs9CsVw127c0n00yt\nUINh4qogTQktZAnczomfzD2p7PbPwdzx07HWezcoEStH2jnGvDoZtF+mvX2do2NC\ntnbyqTsrkfjib9DsFiCQCT7i6HTJGLSR1GJk23+jBvGIGGqQIjy8/hPwhxR79uQf\njtTkUcYRZ0YIUcuGFFQ/vDP+fmyc/xadGL1RjjWmp2bIcmfbIWax1Jt4A8BQOujM\n8Ny8nkz+rwWWNR9XWrf/zvk9tyy29lTdyOcSOk2uTIq3XJq0tyA9yn8iNK5+O2hm\nAUTnAU5GU5szYPeUvlM3kHND8zLDU+/bqv50TmnHa4xgk97Exwzf4TKuzJM7UXiV\nZ4vuPVb+DNBpDxsP8yUmazNt925H+nND5X4OpWaxKXwyhGNVicQNwZNUMBkTrNN9\nN6frXTpsNVzbQdcS2qlJC9/YgIoJk2KOtWbPJYjNhLixP6Q5D9kCnusSTJV882sF\nqV4Wg8y4Z+LoE53MW4LTTLPtW//e5XOsIzstAL81VXQJSdhJWBp/kjbmUZIO8yZ9\nHE0XvMnsQybQv0FfQKlERPSZ51eHnlAfV1SoPv10Yy+xUGUJ5lhCLkMaTLTwJUdZ\n+gQek9QmRkpQgbLevni3/GcV4clXhB4PY9bpYrrWX1Uu6lzGKAgEJTm4Diup8kyX\nHAc/DVL17e8vgg8CAwEAAaOB9DCB8TAfBgNVHSMEGDAWgBStvZh6NLQm9/rEJlTv\nA73gJMtUGjAdBgNVHQ4EFgQUU3m/WqorSs9UgOHYm8Cd8rIDZsswDgYDVR0PAQH/\nBAQDAgGGMA8GA1UdEwEB/wQFMAMBAf8wEQYDVR0gBAowCDAGBgRVHSAAMEQGA1Ud\nHwQ9MDswOaA3oDWGM2h0dHA6Ly9jcmwudXNlcnRydXN0LmNvbS9BZGRUcnVzdEV4\ndGVybmFsQ0FSb290LmNybDA1BggrBgEFBQcBAQQpMCcwJQYIKwYBBQUHMAGGGWh0\ndHA6Ly9vY3NwLnVzZXJ0cnVzdC5jb20wDQYJKoZIhvcNAQEMBQADggEBAJNl9jeD\nlQ9ew4IcH9Z35zyKwKoJ8OkLJvHgwmp1ocd5yblSYMgpEg7wrQPWCcR23+WmgZWn\nRtqCV6mVksW2jwMibDN3wXsyF24HzloUQToFJBv2FAY7qCUkDrvMKnXduXBBP3zQ\nYzYhBx9G/2CkkeFnvN4ffhkUyWNnkepnB2u0j4vAbkN9w6GAbLIevFOFfdyQoaS8\nLe9Gclc1Bb+7RrtubTeZtv8jkpHGbkD4jylW6l/VXxRTrPBPYer3IsynVgviuDQf\nJtl7GQVoP7o81DgGotPmjw7jtHFtQELFhLRAlSv0ZaBIefYdgWOWnU914Ph85I6p\n0fKtirOMxyHNwu8=\n-----END CERTIFICATE-----\n'; 'icsi': {'first_seen': '16317'; 'version': '1'; 'validated': '1'; 'times_seen': '434'; 'last_seen': '16764'}},https://securelist.com/operation-shadowhammer/89992/,ShadowHammer,,eab040689a0d805b5d6fd654fc168cff00b78be3,141.105.71.116,
2019-03-26T03:26:18+00:00,1553567178000,VT_md5info,MD5 aa15eb28292321b586c27d8401703494 was at least scanned by VT,https://securelist.com/operation-shadowhammer/89992/,ShadowHammer,https://www.virustotal.com/gui/file/aa15eb28292321b586c27d8401703494/details,aa15eb28292321b586c27d8401703494,,
2019-03-25T01:00:00+0000,1553475600000,Report published,Kaspersky published report,https://securelist.com/operation-shadowhammer/89992/,ShadowHammer,,,,
2018-11-13T03:17:28+00:00,1542075448000,VT_Domain_to_ip,Domain asushotfix.com was resolving to 0.0.0.0,https://securelist.com/operation-shadowhammer/89992/,ShadowHammer,https://www.virustotal.com/gui/domain/asushotfix.com/details,,0.0.0.0,asushotfix.com
2018-10-19T15:01:58+0000,1539961318000,VT_First_submission,aa15eb28292321b586c27d8401703494 Liveupdate_Test_VER365.zip was first seen on Virustotal ,https://securelist.com/operation-shadowhammer/89992/,ShadowHammer,https://www.virustotal.com/gui/file/aa15eb28292321b586c27d8401703494/details,aa15eb28292321b586c27d8401703494,,
2018-09-26T17:33:28+00:00,1537976008000,VT_ip_history,IP 141.105.71.116 was resolving to simplexoj.com,https://securelist.com/operation-shadowhammer/89992/,ShadowHammer,https://www.virustotal.com/gui/ip-address/141.105.71.116/relations,,141.105.71.116,simplexoj.com
2018-09-26T16:55:42+00:00,1537973742000,VT_ip_history,IP 141.105.71.116 was resolving to homeabcd.com,https://securelist.com/operation-shadowhammer/89992/,ShadowHammer,https://www.virustotal.com/gui/ip-address/141.105.71.116/relations,,141.105.71.116,homeabcd.com
2018-09-06T16:14:39+00:00,1536243279000,VT_Domain_to_ip,Domain asushotfix.com was resolving to 141.105.71.116,https://securelist.com/operation-shadowhammer/89992/,ShadowHammer,https://www.virustotal.com/gui/domain/asushotfix.com/details,,141.105.71.116,asushotfix.com
2018-09-06T16:14:39+00:00,1536243279000,VT_ip_history,IP 141.105.71.116 was resolving to asushotfix.com,https://securelist.com/operation-shadowhammer/89992/,ShadowHammer,https://www.virustotal.com/gui/ip-address/141.105.71.116/relations,,141.105.71.116,asushotfix.com
2017-04-27T23:59:59+00:00,1493330399000,pSSL_IP,IP 141.105.71.116 had an SSL certificate c186c0b77c71e8f3523cfe543919176760b96191 issued not after 2017-04-27T23:59:59+00:00 {'info': {'extension': {'subjectKeyIdentifier': '5D:2A:67:CF:44:B9:BE:8A:4C:1F:59:BC:DE:EF:52:FA:C0:BD:B5:7D'; 'authorityKeyIdentifier': 'keyid:B3:90:A7:D8:C9:AF:4E:CD:61:3C:9F:7C:AD:5D:7F:41:FD:69:30:EA\n'; 'extendedKeyUsage': 'TLS Web Server Authentication; TLS Web Client Authentication'; 'subjectAltName': 'DNS:www.compliancealliance.ru; DNS:compliancealliance.ru'; 'crlDistributionPoints': '\nFull Name:\n  URI:http://crl.usertrust.com/GandiStandardSSLCA2.crl\n'; 'keyUsage': 'Digital Signature; Key Encipherment'; 'certificatePolicies': 'Policy: 1.3.6.1.4.1.6449.1.2.2.26\n  CPS: https://cps.usertrust.com\nPolicy: 2.23.140.1.2.1\n'; 'authorityInfoAccess': 'CA Issuers - URI:http://crt.usertrust.com/GandiStandardSSLCA2.crt\nOCSP - URI:http://ocsp.usertrust.com\n'; 'basicConstraints': 'CA:FALSE'}; 'not_after': datetime.datetime(2017; 4; 27; 23; 59; 59; tzinfo=tzutc()); 'keylength': 2048; 'key': '-----BEGIN PUBLIC KEY-----\nMIIBIjANBgkqhkiG9w0BAQEFAAOCAQ8AMIIBCgKCAQEAsHyZqpPbBS7sufEATAYR\nO87PNkzoVhUU1RIiw3tLus2gwIqqpriPi5ZTs3G4JuM2wuy5igt3yvrzblzHZbLb\nJEBkpjldrVuBNipk8gyiiT+dD41QzhQlt0+z9WLsSH7U8BKcpZWBHk54/x29ZbHZ\nMxJ7SkgwRGQcEnusKFWnkU/PPMhLlEJVLTKaQ1vdDwi/miM4mFbpc3GNFWVHDzdk\n/f0ngN8p6weoUFotyvYnIPptV7DZth1FW9bLPVJKduRU9qk8PiR6PyDZn4lWxQVo\nwXJswwVaqqy+5DRyH8QSpFkON0NcXw8mvPDSPUNR5ZeQ0MfQEk6Qan2uGusDcr3t\nYwIDAQAB\n-----END PUBLIC KEY-----\n'; 'fingerprint': 'C186C0B77C71E8F3523CFE543919176760B96191'; 'issuer': 'C=FR; ST=Paris; L=Paris; O=Gandi; CN=Gandi Standard SSL CA 2'; 'not_before': datetime.datetime(2016; 3; 30; 0; 0; tzinfo=tzutc()); 'subject': 'OU=Domain Control Validated; OU=Gandi Standard SSL; CN=www.compliancealliance.ru'}; 'pem': '-----BEGIN CERTIFICATE-----\nMIIFEjCCA/qgAwIBAgIQPiKndA2dAvisQzm0dxx6XDANBgkqhkiG9w0BAQsFADBf\nMQswCQYDVQQGEwJGUjEOMAwGA1UECBMFUGFyaXMxDjAMBgNVBAcTBVBhcmlzMQ4w\nDAYDVQQKEwVHYW5kaTEgMB4GA1UEAxMXR2FuZGkgU3RhbmRhcmQgU1NMIENBIDIw\nHhcNMTYwMzMwMDAwMDAwWhcNMTcwNDI3MjM1OTU5WjBkMSEwHwYDVQQLExhEb21h\naW4gQ29udHJvbCBWYWxpZGF0ZWQxGzAZBgNVBAsTEkdhbmRpIFN0YW5kYXJkIFNT\nTDEiMCAGA1UEAxMZd3d3LmNvbXBsaWFuY2VhbGxpYW5jZS5ydTCCASIwDQYJKoZI\nhvcNAQEBBQADggEPADCCAQoCggEBALB8maqT2wUu7LnxAEwGETvOzzZM6FYVFNUS\nIsN7S7rNoMCKqqa4j4uWU7NxuCbjNsLsuYoLd8r6825cx2Wy2yRAZKY5Xa1bgTYq\nZPIMook/nQ+NUM4UJbdPs/Vi7Eh+1PASnKWVgR5OeP8dvWWx2TMSe0pIMERkHBJ7\nrChVp5FPzzzIS5RCVS0ymkNb3Q8Iv5ojOJhW6XNxjRVlRw83ZP39J4DfKesHqFBa\nLcr2JyD6bVew2bYdRVvWyz1SSnbkVPapPD4kej8g2Z+JVsUFaMFybMMFWqqsvuQ0\nch/EEqRZDjdDXF8PJrzw0j1DUeWXkNDH0BJOkGp9rhrrA3K97WMCAwEAAaOCAcMw\nggG/MB8GA1UdIwQYMBaAFLOQp9jJr07NYTyffK1df0H9aTDqMB0GA1UdDgQWBBRd\nKmfPRLm+ikwfWbze71L6wL21fTAOBgNVHQ8BAf8EBAMCBaAwDAYDVR0TAQH/BAIw\nADAdBgNVHSUEFjAUBggrBgEFBQcDAQYIKwYBBQUHAwIwSwYDVR0gBEQwQjA2Bgsr\nBgEEAbIxAQICGjAnMCUGCCsGAQUFBwIBFhlodHRwczovL2Nwcy51c2VydHJ1c3Qu\nY29tMAgGBmeBDAECATBBBgNVHR8EOjA4MDagNKAyhjBodHRwOi8vY3JsLnVzZXJ0\ncnVzdC5jb20vR2FuZGlTdGFuZGFyZFNTTENBMi5jcmwwcwYIKwYBBQUHAQEEZzBl\nMDwGCCsGAQUFBzAChjBodHRwOi8vY3J0LnVzZXJ0cnVzdC5jb20vR2FuZGlTdGFu\nZGFyZFNTTENBMi5jcnQwJQYIKwYBBQUHMAGGGWh0dHA6Ly9vY3NwLnVzZXJ0cnVz\ndC5jb20wOwYDVR0RBDQwMoIZd3d3LmNvbXBsaWFuY2VhbGxpYW5jZS5ydYIVY29t\ncGxpYW5jZWFsbGlhbmNlLnJ1MA0GCSqGSIb3DQEBCwUAA4IBAQA90x/ep0D3jZ8p\nPJsHhCnHlI42uUlT7ksujtseDNx2nXWOQT98TnVhBewS0aIU2DGNj11LOzDtP0qL\nyDUSeKr5c7pRqRwc4Jqeii5SkHWT0d45lmuvk3X7/DC6o6QI2vmXd26AfUtyQw80\nWhysfjJFlvuzvdr+eSl2jbZtLHpk6x8AkzRpJmNG3huXeqSPjSgCFQor4ZR+DCix\na6swqnPTlv5FxH9g4zmFYe99e6MFtF0F8IhJ3J4ULVETGa3d8FZpKVkxiO8hj8b1\n4c0hbQmwGDGbfdklNZs3hvYvQ2zqDTfoHi79mnGiYzv2jRTFmSGbf4OgU9Q2oZFF\nPw0GoFm/\n-----END CERTIFICATE-----\n'},https://securelist.com/operation-shadowhammer/89992/,ShadowHammer,,c186c0b77c71e8f3523cfe543919176760b96191,141.105.71.116,
2017-03-28T00:00:00+00:00,1490652000000,pSSL_IP,IP 141.105.71.116 had an SSL certificate 874f7d224fde20bc01021a43ccf5983a69f1dc3d issued not after 2017-03-28T00:00:00+00:00 {'info': {'extension': {'keyUsage': 'Key Encipherment; Data Encipherment'; 'extendedKeyUsage': 'TLS Web Server Authentication'}; 'not_after': datetime.datetime(2017; 3; 28; 0; 0; tzinfo=tzutc()); 'keylength': 2048; 'key': '-----BEGIN PUBLIC KEY-----\nMIIBIjANBgkqhkiG9w0BAQEFAAOCAQ8AMIIBCgKCAQEA2vH0hkaYar+5clRktU0o\nEQN8F9E6hqm0gVFgN/KN3RFkSexyHvNZO3Wf6GX2mivXAYlKwCGDZWBfxP9BctCd\nSQy836mWV34ofTRYaJNQcE/ArvjZAmEU51+R65B7BGe0a8k4yjUFUuvB5U/qm+wb\npiSnMMEuzY5qe0qC2p81KUO8d5p//OOOPhB9gOmGCGjMB0UcNq1ux+rvIeWScBmx\ndDikjHjFrherQOoKiEuk7gAGPbRo97E4CCZbxS5vW0qNVriAiS1qVWBShsPbzeqp\nS6/pvGGi0hnp6VX9gLPvLMxCYdoz8/rL7zsQpnkdOTx0YT0e4Tc8UfmCuP7Q2i/I\nYQIDAQAB\n-----END PUBLIC KEY-----\n'; 'fingerprint': '874F7D224FDE20BC01021A43CCF5983A69F1DC3D'; 'issuer': 'CN=vps051'; 'not_before': datetime.datetime(2016; 3; 28; 19; 18; 22; tzinfo=tzutc()); 'subject': 'CN=vps051'}; 'pem': '-----BEGIN CERTIFICATE-----\nMIIC0DCCAbigAwIBAgIQQxv2qe+usYdLx+MLtD4FqjANBgkqhkiG9w0BAQUFADAR\nMQ8wDQYDVQQDEwZ2cHMwNTEwHhcNMTYwMzI4MTkxODIyWhcNMTcwMzI4MDAwMDAw\nWjARMQ8wDQYDVQQDEwZ2cHMwNTEwggEiMA0GCSqGSIb3DQEBAQUAA4IBDwAwggEK\nAoIBAQDa8fSGRphqv7lyVGS1TSgRA3wX0TqGqbSBUWA38o3dEWRJ7HIe81k7dZ/o\nZfaaK9cBiUrAIYNlYF/E/0Fy0J1JDLzfqZZXfih9NFhok1BwT8Cu+NkCYRTnX5Hr\nkHsEZ7RryTjKNQVS68HlT+qb7BumJKcwwS7Njmp7SoLanzUpQ7x3mn/8444+EH2A\n6YYIaMwHRRw2rW7H6u8h5ZJwGbF0OKSMeMWuF6tA6gqIS6TuAAY9tGj3sTgIJlvF\nLm9bSo1WuICJLWpVYFKGw9vN6qlLr+m8YaLSGenpVf2As+8szEJh2jPz+svvOxCm\neR05PHRhPR7hNzxR+YK4/tDaL8hhAgMBAAGjJDAiMAsGA1UdDwQEAwIEMDATBgNV\nHSUEDDAKBggrBgEFBQcDATANBgkqhkiG9w0BAQUFAAOCAQEATT72iLk/FWD9v8Ko\n0tnCVjnfhaUVJ5bRFDv3ITQzC8YpprZdwRid75GnsuYPyyxMZJQMvndye6HJ4m5l\ncPm402rU7WAFN8EbiqVhopv6h3bG9knqwICnm3HsoMrFXds8HVT3dCp8F2R+ha1r\nUiXNFZvCUQ+1l2au2vT1NAzwUFcA0iMckk3pGdWCAQwlyHq4Q7BF4zWTbl8rq2Up\nQygqzSg8AyXO0CdBcpTx2SEykfwWW0o70/0+syBdGdg5CNHHwoPbxzT4ZsVr+1cl\nTqhOx6JE4kY/g3lJ5uri8zZJGuaq91rKYRqZAoJBsHqN5maHzoZcswIFW1+v61ST\n3K2YUw==\n-----END CERTIFICATE-----\n'},https://securelist.com/operation-shadowhammer/89992/,ShadowHammer,,874f7d224fde20bc01021a43ccf5983a69f1dc3d,141.105.71.116,
2016-04-13T23:59:59+00:00,1460584799000,pSSL_IP,IP 141.105.71.116 had an SSL certificate 2160707d2e21b4cba3f595ce1ebf6cf61f584edc issued not after 2016-04-13T23:59:59+00:00 {'info': {'extension': {'subjectKeyIdentifier': '5D:2A:67:CF:44:B9:BE:8A:4C:1F:59:BC:DE:EF:52:FA:C0:BD:B5:7D'; 'authorityKeyIdentifier': 'keyid:B6:A8:FF:A2:A8:2F:D0:A6:CD:4B:B1:68:F3:E7:50:10:31:A7:79:21\n'; 'extendedKeyUsage': 'TLS Web Server Authentication; TLS Web Client Authentication'; 'subjectAltName': 'DNS:www.compliancealliance.ru; DNS:compliancealliance.ru'; 'crlDistributionPoints': '\nFull Name:\n  URI:http://crl.gandi.net/GandiStandardSSLCA.crl\n'; 'keyUsage': 'Digital Signature; Key Encipherment'; 'certificatePolicies': 'Policy: 1.3.6.1.4.1.6449.1.2.2.26\n  CPS: http://www.gandi.net/contracts/fr/ssl/cps/pdf/\nPolicy: 2.23.140.1.2.1\n'; 'authorityInfoAccess': 'CA Issuers - URI:http://crt.gandi.net/GandiStandardSSLCA.crt\nOCSP - URI:http://ocsp.gandi.net\n'; 'basicConstraints': 'CA:FALSE'}; 'not_after': datetime.datetime(2016; 4; 13; 23; 59; 59; tzinfo=tzutc()); 'keylength': 2048; 'key': '-----BEGIN PUBLIC KEY-----\nMIIBIjANBgkqhkiG9w0BAQEFAAOCAQ8AMIIBCgKCAQEAsHyZqpPbBS7sufEATAYR\nO87PNkzoVhUU1RIiw3tLus2gwIqqpriPi5ZTs3G4JuM2wuy5igt3yvrzblzHZbLb\nJEBkpjldrVuBNipk8gyiiT+dD41QzhQlt0+z9WLsSH7U8BKcpZWBHk54/x29ZbHZ\nMxJ7SkgwRGQcEnusKFWnkU/PPMhLlEJVLTKaQ1vdDwi/miM4mFbpc3GNFWVHDzdk\n/f0ngN8p6weoUFotyvYnIPptV7DZth1FW9bLPVJKduRU9qk8PiR6PyDZn4lWxQVo\nwXJswwVaqqy+5DRyH8QSpFkON0NcXw8mvPDSPUNR5ZeQ0MfQEk6Qan2uGusDcr3t\nYwIDAQAB\n-----END PUBLIC KEY-----\n'; 'fingerprint': '2160707D2E21B4CBA3F595CE1EBF6CF61F584EDC'; 'issuer': 'C=FR; O=GANDI SAS; CN=Gandi Standard SSL CA'; 'not_before': datetime.datetime(2015; 3; 16; 0; 0; tzinfo=tzutc()); 'subject': 'OU=Domain Control Validated; OU=Gandi Standard SSL; CN=www.compliancealliance.ru'}; 'pem': '-----BEGIN CERTIFICATE-----\nMIIE+zCCA+OgAwIBAgIQJoDIW8IhLOMUoxLFvmEZpTANBgkqhkiG9w0BAQUFADBB\nMQswCQYDVQQGEwJGUjESMBAGA1UEChMJR0FOREkgU0FTMR4wHAYDVQQDExVHYW5k\naSBTdGFuZGFyZCBTU0wgQ0EwHhcNMTUwMzE2MDAwMDAwWhcNMTYwNDEzMjM1OTU5\nWjBkMSEwHwYDVQQLExhEb21haW4gQ29udHJvbCBWYWxpZGF0ZWQxGzAZBgNVBAsT\nEkdhbmRpIFN0YW5kYXJkIFNTTDEiMCAGA1UEAxMZd3d3LmNvbXBsaWFuY2VhbGxp\nYW5jZS5ydTCCASIwDQYJKoZIhvcNAQEBBQADggEPADCCAQoCggEBALB8maqT2wUu\n7LnxAEwGETvOzzZM6FYVFNUSIsN7S7rNoMCKqqa4j4uWU7NxuCbjNsLsuYoLd8r6\n825cx2Wy2yRAZKY5Xa1bgTYqZPIMook/nQ+NUM4UJbdPs/Vi7Eh+1PASnKWVgR5O\neP8dvWWx2TMSe0pIMERkHBJ7rChVp5FPzzzIS5RCVS0ymkNb3Q8Iv5ojOJhW6XNx\njRVlRw83ZP39J4DfKesHqFBaLcr2JyD6bVew2bYdRVvWyz1SSnbkVPapPD4kej8g\n2Z+JVsUFaMFybMMFWqqsvuQ0ch/EEqRZDjdDXF8PJrzw0j1DUeWXkNDH0BJOkGp9\nrhrrA3K97WMCAwEAAaOCAcowggHGMB8GA1UdIwQYMBaAFLao/6KoL9CmzUuxaPPn\nUBAxp3khMB0GA1UdDgQWBBRdKmfPRLm+ikwfWbze71L6wL21fTAOBgNVHQ8BAf8E\nBAMCBaAwDAYDVR0TAQH/BAIwADAdBgNVHSUEFjAUBggrBgEFBQcDAQYIKwYBBQUH\nAwIwYAYDVR0gBFkwVzBLBgsrBgEEAbIxAQICGjA8MDoGCCsGAQUFBwIBFi5odHRw\nOi8vd3d3LmdhbmRpLm5ldC9jb250cmFjdHMvZnIvc3NsL2Nwcy9wZGYvMAgGBmeB\nDAECATA8BgNVHR8ENTAzMDGgL6AthitodHRwOi8vY3JsLmdhbmRpLm5ldC9HYW5k\naVN0YW5kYXJkU1NMQ0EuY3JsMGoGCCsGAQUFBwEBBF4wXDA3BggrBgEFBQcwAoYr\naHR0cDovL2NydC5nYW5kaS5uZXQvR2FuZGlTdGFuZGFyZFNTTENBLmNydDAhBggr\nBgEFBQcwAYYVaHR0cDovL29jc3AuZ2FuZGkubmV0MDsGA1UdEQQ0MDKCGXd3dy5j\nb21wbGlhbmNlYWxsaWFuY2UucnWCFWNvbXBsaWFuY2VhbGxpYW5jZS5ydTANBgkq\nhkiG9w0BAQUFAAOCAQEAJu8CxvvppVMQx3nHd69+qXRIuryp1vBc0R4pOjXZpo4E\nQ18GinrY117Z2Ab8EnCVxcKZMifZ2GCfCSyPGZo6AfilEbZGukzoVdFYHzeS7ZDq\n4bjdriu4OHSIOMOghWO3lgrrQpI670fDUaMGktDDUEpwBJSnW5b0nqfvjFcCj8Fe\ntsQ9plHCvzFowbY8mD3fGPxdcQmFkeFtpQfv5fL+Mtc3vyq0AoGqXFPCSN6pqGTU\n/eWq15xG4NiX3C1Zzaw6r/iZRrDKBVFH2vIaeP5zpwyZnpTLrzZ7fyFy+rtV2YDE\nRgvBT+6C5JQ97dNgMpmJiRbgKpWtcmF8ZBp062CaAg==\n-----END CERTIFICATE-----\n'},https://securelist.com/operation-shadowhammer/89992/,ShadowHammer,,2160707d2e21b4cba3f595ce1ebf6cf61f584edc,141.105.71.116,
2016-03-30T00:00:00+00:00,1459288800000,pSSL_IP,IP 141.105.71.116 had an SSL certificate c186c0b77c71e8f3523cfe543919176760b96191 issued not before 2016-03-30T00:00:00+00:00 {'info': {'extension': {'subjectKeyIdentifier': '5D:2A:67:CF:44:B9:BE:8A:4C:1F:59:BC:DE:EF:52:FA:C0:BD:B5:7D'; 'authorityKeyIdentifier': 'keyid:B3:90:A7:D8:C9:AF:4E:CD:61:3C:9F:7C:AD:5D:7F:41:FD:69:30:EA\n'; 'extendedKeyUsage': 'TLS Web Server Authentication; TLS Web Client Authentication'; 'subjectAltName': 'DNS:www.compliancealliance.ru; DNS:compliancealliance.ru'; 'crlDistributionPoints': '\nFull Name:\n  URI:http://crl.usertrust.com/GandiStandardSSLCA2.crl\n'; 'keyUsage': 'Digital Signature; Key Encipherment'; 'certificatePolicies': 'Policy: 1.3.6.1.4.1.6449.1.2.2.26\n  CPS: https://cps.usertrust.com\nPolicy: 2.23.140.1.2.1\n'; 'authorityInfoAccess': 'CA Issuers - URI:http://crt.usertrust.com/GandiStandardSSLCA2.crt\nOCSP - URI:http://ocsp.usertrust.com\n'; 'basicConstraints': 'CA:FALSE'}; 'not_after': datetime.datetime(2017; 4; 27; 23; 59; 59; tzinfo=tzutc()); 'keylength': 2048; 'key': '-----BEGIN PUBLIC KEY-----\nMIIBIjANBgkqhkiG9w0BAQEFAAOCAQ8AMIIBCgKCAQEAsHyZqpPbBS7sufEATAYR\nO87PNkzoVhUU1RIiw3tLus2gwIqqpriPi5ZTs3G4JuM2wuy5igt3yvrzblzHZbLb\nJEBkpjldrVuBNipk8gyiiT+dD41QzhQlt0+z9WLsSH7U8BKcpZWBHk54/x29ZbHZ\nMxJ7SkgwRGQcEnusKFWnkU/PPMhLlEJVLTKaQ1vdDwi/miM4mFbpc3GNFWVHDzdk\n/f0ngN8p6weoUFotyvYnIPptV7DZth1FW9bLPVJKduRU9qk8PiR6PyDZn4lWxQVo\nwXJswwVaqqy+5DRyH8QSpFkON0NcXw8mvPDSPUNR5ZeQ0MfQEk6Qan2uGusDcr3t\nYwIDAQAB\n-----END PUBLIC KEY-----\n'; 'fingerprint': 'C186C0B77C71E8F3523CFE543919176760B96191'; 'issuer': 'C=FR; ST=Paris; L=Paris; O=Gandi; CN=Gandi Standard SSL CA 2'; 'not_before': datetime.datetime(2016; 3; 30; 0; 0; tzinfo=tzutc()); 'subject': 'OU=Domain Control Validated; OU=Gandi Standard SSL; CN=www.compliancealliance.ru'}; 'pem': '-----BEGIN CERTIFICATE-----\nMIIFEjCCA/qgAwIBAgIQPiKndA2dAvisQzm0dxx6XDANBgkqhkiG9w0BAQsFADBf\nMQswCQYDVQQGEwJGUjEOMAwGA1UECBMFUGFyaXMxDjAMBgNVBAcTBVBhcmlzMQ4w\nDAYDVQQKEwVHYW5kaTEgMB4GA1UEAxMXR2FuZGkgU3RhbmRhcmQgU1NMIENBIDIw\nHhcNMTYwMzMwMDAwMDAwWhcNMTcwNDI3MjM1OTU5WjBkMSEwHwYDVQQLExhEb21h\naW4gQ29udHJvbCBWYWxpZGF0ZWQxGzAZBgNVBAsTEkdhbmRpIFN0YW5kYXJkIFNT\nTDEiMCAGA1UEAxMZd3d3LmNvbXBsaWFuY2VhbGxpYW5jZS5ydTCCASIwDQYJKoZI\nhvcNAQEBBQADggEPADCCAQoCggEBALB8maqT2wUu7LnxAEwGETvOzzZM6FYVFNUS\nIsN7S7rNoMCKqqa4j4uWU7NxuCbjNsLsuYoLd8r6825cx2Wy2yRAZKY5Xa1bgTYq\nZPIMook/nQ+NUM4UJbdPs/Vi7Eh+1PASnKWVgR5OeP8dvWWx2TMSe0pIMERkHBJ7\nrChVp5FPzzzIS5RCVS0ymkNb3Q8Iv5ojOJhW6XNxjRVlRw83ZP39J4DfKesHqFBa\nLcr2JyD6bVew2bYdRVvWyz1SSnbkVPapPD4kej8g2Z+JVsUFaMFybMMFWqqsvuQ0\nch/EEqRZDjdDXF8PJrzw0j1DUeWXkNDH0BJOkGp9rhrrA3K97WMCAwEAAaOCAcMw\nggG/MB8GA1UdIwQYMBaAFLOQp9jJr07NYTyffK1df0H9aTDqMB0GA1UdDgQWBBRd\nKmfPRLm+ikwfWbze71L6wL21fTAOBgNVHQ8BAf8EBAMCBaAwDAYDVR0TAQH/BAIw\nADAdBgNVHSUEFjAUBggrBgEFBQcDAQYIKwYBBQUHAwIwSwYDVR0gBEQwQjA2Bgsr\nBgEEAbIxAQICGjAnMCUGCCsGAQUFBwIBFhlodHRwczovL2Nwcy51c2VydHJ1c3Qu\nY29tMAgGBmeBDAECATBBBgNVHR8EOjA4MDagNKAyhjBodHRwOi8vY3JsLnVzZXJ0\ncnVzdC5jb20vR2FuZGlTdGFuZGFyZFNTTENBMi5jcmwwcwYIKwYBBQUHAQEEZzBl\nMDwGCCsGAQUFBzAChjBodHRwOi8vY3J0LnVzZXJ0cnVzdC5jb20vR2FuZGlTdGFu\nZGFyZFNTTENBMi5jcnQwJQYIKwYBBQUHMAGGGWh0dHA6Ly9vY3NwLnVzZXJ0cnVz\ndC5jb20wOwYDVR0RBDQwMoIZd3d3LmNvbXBsaWFuY2VhbGxpYW5jZS5ydYIVY29t\ncGxpYW5jZWFsbGlhbmNlLnJ1MA0GCSqGSIb3DQEBCwUAA4IBAQA90x/ep0D3jZ8p\nPJsHhCnHlI42uUlT7ksujtseDNx2nXWOQT98TnVhBewS0aIU2DGNj11LOzDtP0qL\nyDUSeKr5c7pRqRwc4Jqeii5SkHWT0d45lmuvk3X7/DC6o6QI2vmXd26AfUtyQw80\nWhysfjJFlvuzvdr+eSl2jbZtLHpk6x8AkzRpJmNG3huXeqSPjSgCFQor4ZR+DCix\na6swqnPTlv5FxH9g4zmFYe99e6MFtF0F8IhJ3J4ULVETGa3d8FZpKVkxiO8hj8b1\n4c0hbQmwGDGbfdklNZs3hvYvQ2zqDTfoHi79mnGiYzv2jRTFmSGbf4OgU9Q2oZFF\nPw0GoFm/\n-----END CERTIFICATE-----\n'},https://securelist.com/operation-shadowhammer/89992/,ShadowHammer,,c186c0b77c71e8f3523cfe543919176760b96191,141.105.71.116,
2016-03-28T19:18:22+00:00,1459185502000,pSSL_IP,IP 141.105.71.116 had an SSL certificate 874f7d224fde20bc01021a43ccf5983a69f1dc3d issued not before 2016-03-28T19:18:22+00:00 {'info': {'extension': {'keyUsage': 'Key Encipherment; Data Encipherment'; 'extendedKeyUsage': 'TLS Web Server Authentication'}; 'not_after': datetime.datetime(2017; 3; 28; 0; 0; tzinfo=tzutc()); 'keylength': 2048; 'key': '-----BEGIN PUBLIC KEY-----\nMIIBIjANBgkqhkiG9w0BAQEFAAOCAQ8AMIIBCgKCAQEA2vH0hkaYar+5clRktU0o\nEQN8F9E6hqm0gVFgN/KN3RFkSexyHvNZO3Wf6GX2mivXAYlKwCGDZWBfxP9BctCd\nSQy836mWV34ofTRYaJNQcE/ArvjZAmEU51+R65B7BGe0a8k4yjUFUuvB5U/qm+wb\npiSnMMEuzY5qe0qC2p81KUO8d5p//OOOPhB9gOmGCGjMB0UcNq1ux+rvIeWScBmx\ndDikjHjFrherQOoKiEuk7gAGPbRo97E4CCZbxS5vW0qNVriAiS1qVWBShsPbzeqp\nS6/pvGGi0hnp6VX9gLPvLMxCYdoz8/rL7zsQpnkdOTx0YT0e4Tc8UfmCuP7Q2i/I\nYQIDAQAB\n-----END PUBLIC KEY-----\n'; 'fingerprint': '874F7D224FDE20BC01021A43CCF5983A69F1DC3D'; 'issuer': 'CN=vps051'; 'not_before': datetime.datetime(2016; 3; 28; 19; 18; 22; tzinfo=tzutc()); 'subject': 'CN=vps051'}; 'pem': '-----BEGIN CERTIFICATE-----\nMIIC0DCCAbigAwIBAgIQQxv2qe+usYdLx+MLtD4FqjANBgkqhkiG9w0BAQUFADAR\nMQ8wDQYDVQQDEwZ2cHMwNTEwHhcNMTYwMzI4MTkxODIyWhcNMTcwMzI4MDAwMDAw\nWjARMQ8wDQYDVQQDEwZ2cHMwNTEwggEiMA0GCSqGSIb3DQEBAQUAA4IBDwAwggEK\nAoIBAQDa8fSGRphqv7lyVGS1TSgRA3wX0TqGqbSBUWA38o3dEWRJ7HIe81k7dZ/o\nZfaaK9cBiUrAIYNlYF/E/0Fy0J1JDLzfqZZXfih9NFhok1BwT8Cu+NkCYRTnX5Hr\nkHsEZ7RryTjKNQVS68HlT+qb7BumJKcwwS7Njmp7SoLanzUpQ7x3mn/8444+EH2A\n6YYIaMwHRRw2rW7H6u8h5ZJwGbF0OKSMeMWuF6tA6gqIS6TuAAY9tGj3sTgIJlvF\nLm9bSo1WuICJLWpVYFKGw9vN6qlLr+m8YaLSGenpVf2As+8szEJh2jPz+svvOxCm\neR05PHRhPR7hNzxR+YK4/tDaL8hhAgMBAAGjJDAiMAsGA1UdDwQEAwIEMDATBgNV\nHSUEDDAKBggrBgEFBQcDATANBgkqhkiG9w0BAQUFAAOCAQEATT72iLk/FWD9v8Ko\n0tnCVjnfhaUVJ5bRFDv3ITQzC8YpprZdwRid75GnsuYPyyxMZJQMvndye6HJ4m5l\ncPm402rU7WAFN8EbiqVhopv6h3bG9knqwICnm3HsoMrFXds8HVT3dCp8F2R+ha1r\nUiXNFZvCUQ+1l2au2vT1NAzwUFcA0iMckk3pGdWCAQwlyHq4Q7BF4zWTbl8rq2Up\nQygqzSg8AyXO0CdBcpTx2SEykfwWW0o70/0+syBdGdg5CNHHwoPbxzT4ZsVr+1cl\nTqhOx6JE4kY/g3lJ5uri8zZJGuaq91rKYRqZAoJBsHqN5maHzoZcswIFW1+v61ST\n3K2YUw==\n-----END CERTIFICATE-----\n'},https://securelist.com/operation-shadowhammer/89992/,ShadowHammer,,874f7d224fde20bc01021a43ccf5983a69f1dc3d,141.105.71.116,
2015-11-25T00:00:00,1448406000000,pSSL_IP,IP 141.105.71.116 had an SSL certificate 3d4b2a4c64317143f50258d7e6fd7d3c021a529e last seen in the wild 2015-11-25T00:00:00 {'info': {'extension': {'subjectKeyIdentifier': 'A1:72:5F:26:1B:28:98:43:95:5D:07:37:D5:85:96:9D:4B:D2:C3:45'; 'crlDistributionPoints': '\nFull Name:\n  URI:http://crl.usertrust.com/AddTrustExternalCARoot.crl\n'; 'keyUsage': 'Certificate Sign; CRL Sign'; 'authorityKeyIdentifier': 'keyid:AD:BD:98:7A:34:B4:26:F7:FA:C4:26:54:EF:03:BD:E0:24:CB:54:1A\n'; 'basicConstraints': 'CA:TRUE'}; 'not_after': datetime.datetime(2020; 5; 30; 10; 48; 38; tzinfo=tzutc()); 'keylength': 2048; 'key': '-----BEGIN PUBLIC KEY-----\nMIIBIjANBgkqhkiG9w0BAQEFAAOCAQ8AMIIBCgKCAQEAsffDOD+0qH/POYJRZ9Bt\nn9L/WPPnnyvsDYlUmbk4mRb34CF5SMK7YXQSlh08anLVPBBnOjntKxPNZuuVCTOk\nbJex6MbswXV5nEZejavQav25KlUXEFSzGfCa9vGxXbanbfvgcRdrooj7AN/+GjF3\nDJoBerEy4ysBBzhuw6VeI7xFm3tQwckwj9vlK3rTW/szQB6g1ZgXvIuHw4nTXaCO\nsqqq9o5piAbF+okh8widaS4JM5spDUYPjMxJNLBpUb35Bs1orWZMvD6sYb0KiA7I\n3z3ufARMnQpea5HW7sftKI2rTYeJc9BupNAeFosU4XZEA39jrOTNSZzFkvSrMqFI\nWwIDAQAB\n-----END PUBLIC KEY-----\n'; 'fingerprint': '3D4B2A4C64317143F50258D7E6FD7D3C021A529E'; 'issuer': 'C=SE; O=AddTrust AB; OU=AddTrust External TTP Network; CN=AddTrust External CA Root'; 'not_before': datetime.datetime(2005; 6; 7; 8; 9; 10; tzinfo=tzutc()); 'subject': 'C=US; ST=UT; L=Salt Lake City; O=The USERTRUST Network; OU=http://www.usertrust.com; CN=UTN-USERFirst-Hardware'}; 'pem': '-----BEGIN CERTIFICATE-----\nMIIEPDCCAySgAwIBAgIQSEus8arH1xND0aJ0NUmXJTANBgkqhkiG9w0BAQUFADBv\nMQswCQYDVQQGEwJTRTEUMBIGA1UEChMLQWRkVHJ1c3QgQUIxJjAkBgNVBAsTHUFk\nZFRydXN0IEV4dGVybmFsIFRUUCBOZXR3b3JrMSIwIAYDVQQDExlBZGRUcnVzdCBF\neHRlcm5hbCBDQSBSb290MB4XDTA1MDYwNzA4MDkxMFoXDTIwMDUzMDEwNDgzOFow\ngZcxCzAJBgNVBAYTAlVTMQswCQYDVQQIEwJVVDEXMBUGA1UEBxMOU2FsdCBMYWtl\nIENpdHkxHjAcBgNVBAoTFVRoZSBVU0VSVFJVU1QgTmV0d29yazEhMB8GA1UECxMY\naHR0cDovL3d3dy51c2VydHJ1c3QuY29tMR8wHQYDVQQDExZVVE4tVVNFUkZpcnN0\nLUhhcmR3YXJlMIIBIjANBgkqhkiG9w0BAQEFAAOCAQ8AMIIBCgKCAQEAsffDOD+0\nqH/POYJRZ9Btn9L/WPPnnyvsDYlUmbk4mRb34CF5SMK7YXQSlh08anLVPBBnOjnt\nKxPNZuuVCTOkbJex6MbswXV5nEZejavQav25KlUXEFSzGfCa9vGxXbanbfvgcRdr\nooj7AN/+GjF3DJoBerEy4ysBBzhuw6VeI7xFm3tQwckwj9vlK3rTW/szQB6g1ZgX\nvIuHw4nTXaCOsqqq9o5piAbF+okh8widaS4JM5spDUYPjMxJNLBpUb35Bs1orWZM\nvD6sYb0KiA7I3z3ufARMnQpea5HW7sftKI2rTYeJc9BupNAeFosU4XZEA39jrOTN\nSZzFkvSrMqFIWwIDAQABo4GqMIGnMB8GA1UdIwQYMBaAFK29mHo0tCb3+sQmVO8D\nveAky1QaMB0GA1UdDgQWBBShcl8mGyiYQ5VdBzfVhZadS9LDRTAOBgNVHQ8BAf8E\nBAMCAQYwDwYDVR0TAQH/BAUwAwEB/zBEBgNVHR8EPTA7MDmgN6A1hjNodHRwOi8v\nY3JsLnVzZXJ0cnVzdC5jb20vQWRkVHJ1c3RFeHRlcm5hbENBUm9vdC5jcmwwDQYJ\nKoZIhvcNAQEFBQADggEBADzse+Cuow6WbTDXhcbSaFtFWoKmNA+wyZIjXhFtCBGy\ndAkjOjUlc1heyrl8KPpH7PmgA1hQtlPvjNs55Gfp2MooRtSn4PU4dfjny1y/HRE8\nakCbLURW0/f/BSgyDBXIZEWT6CEkjy3aeoR7T8/NsiV8dxDTlNEEkaglHAkiD31E\nNREU768A/l7qX46w2ZJZuvwTlqAYAVbO2vYoC7Gv3VxPXLLzj1pxz+0YrWOIHY6V\n9+qV5x+tkLiECEeFfyIvGh1IMNZMCNg3GWcyK+tc0LL8blefBDVekAB+EcfeEyrN\npG1FJseIVqDwavfY5/wnfmcI0L36tsNhAgFlubgvz1o=\n-----END CERTIFICATE-----\n'; 'icsi': {'first_seen': '15387'; 'version': '1'; 'validated': '1'; 'times_seen': '1376'; 'last_seen': '16764'}},https://securelist.com/operation-shadowhammer/89992/,ShadowHammer,,3d4b2a4c64317143f50258d7e6fd7d3c021a529e,141.105.71.116,
2015-11-25T00:00:00,1448406000000,pSSL_IP,IP 141.105.71.116 had an SSL certificate 247106a405b288a46e70a0262717162d0903e734 last seen in the wild 2015-11-25T00:00:00 {'info': {'extension': {'subjectKeyIdentifier': 'B3:90:A7:D8:C9:AF:4E:CD:61:3C:9F:7C:AD:5D:7F:41:FD:69:30:EA'; 'authorityKeyIdentifier': 'keyid:53:79:BF:5A:AA:2B:4A:CF:54:80:E1:D8:9B:C0:9D:F2:B2:03:66:CB\n'; 'extendedKeyUsage': 'TLS Web Server Authentication; TLS Web Client Authentication'; 'crlDistributionPoints': '\nFull Name:\n  URI:http://crl.usertrust.com/USERTrustRSACertificationAuthority.crl\n'; 'keyUsage': 'Digital Signature; Certificate Sign; CRL Sign'; 'certificatePolicies': 'Policy: 1.3.6.1.4.1.6449.1.2.2.26\nPolicy: 2.23.140.1.2.1\n'; 'authorityInfoAccess': 'CA Issuers - URI:http://crt.usertrust.com/USERTrustRSAAddTrustCA.crt\nOCSP - URI:http://ocsp.usertrust.com\n'; 'basicConstraints': 'CA:TRUE; pathlen:0'}; 'not_after': datetime.datetime(2024; 9; 11; 23; 59; 59; tzinfo=tzutc()); 'keylength': 2048; 'key': '-----BEGIN PUBLIC KEY-----\nMIIBIjANBgkqhkiG9w0BAQEFAAOCAQ8AMIIBCgKCAQEAlAQtpnmVdP/VADz1rtiU\nsSl8wI8LC4m5goOXbjco9aIaz9KSC5uo04eUc4QQn9w1y8Itkqwhucs7/EDBwYMh\n8L/49pz6nIIQwNCOTuUNTLCRXJC0pEBRFtrkhBItBVyhHxcZJFGqeurhBxuGjQFy\n8ufUgyM5nuDhTB9rIqO0EGaw7YKW125qtPI/tUL83Yq1q7otHTp1mzHcPp2sW9NB\nDWywG/U69XnqIaL49DNSSyQtHqSZsW1IvLgS/nJwfPf7AnX0jd7W2sCgMhpS3zhr\nLkU4Pz8ElgD9ofSiu9UX1id8G1hZlV6KEv2cq4E+UihIUYVr85Gyhj8ptW4DYu7W\nBQIDAQAB\n-----END PUBLIC KEY-----\n'; 'fingerprint': '247106A405B288A46E70A0262717162D0903E734'; 'issuer': 'C=US; ST=New Jersey; L=Jersey City; O=The USERTRUST Network; CN=USERTrust RSA Certification Authority'; 'not_before': datetime.datetime(2014; 9; 12; 0; 0; tzinfo=tzutc()); 'subject': 'C=FR; ST=Paris; L=Paris; O=Gandi; CN=Gandi Standard SSL CA 2'}; 'pem': '-----BEGIN CERTIFICATE-----\nMIIF6TCCA9GgAwIBAgIQBeTcO5Q4qzuFl8umoZhQ4zANBgkqhkiG9w0BAQwFADCB\niDELMAkGA1UEBhMCVVMxEzARBgNVBAgTCk5ldyBKZXJzZXkxFDASBgNVBAcTC0pl\ncnNleSBDaXR5MR4wHAYDVQQKExVUaGUgVVNFUlRSVVNUIE5ldHdvcmsxLjAsBgNV\nBAMTJVVTRVJUcnVzdCBSU0EgQ2VydGlmaWNhdGlvbiBBdXRob3JpdHkwHhcNMTQw\nOTEyMDAwMDAwWhcNMjQwOTExMjM1OTU5WjBfMQswCQYDVQQGEwJGUjEOMAwGA1UE\nCBMFUGFyaXMxDjAMBgNVBAcTBVBhcmlzMQ4wDAYDVQQKEwVHYW5kaTEgMB4GA1UE\nAxMXR2FuZGkgU3RhbmRhcmQgU1NMIENBIDIwggEiMA0GCSqGSIb3DQEBAQUAA4IB\nDwAwggEKAoIBAQCUBC2meZV0/9UAPPWu2JSxKXzAjwsLibmCg5duNyj1ohrP0pIL\nm6jTh5RzhBCf3DXLwi2SrCG5yzv8QMHBgyHwv/j2nPqcghDA0I5O5Q1MsJFckLSk\nQFEW2uSEEi0FXKEfFxkkUap66uEHG4aNAXLy59SDIzme4OFMH2sio7QQZrDtgpbX\nbmq08j+1QvzdirWrui0dOnWbMdw+naxb00ENbLAb9Tr1eeohovj0M1JLJC0epJmx\nbUi8uBL+cnB89/sCdfSN3tbawKAyGlLfOGsuRTg/PwSWAP2h9KK71RfWJ3wbWFmV\nXooS/ZyrgT5SKEhRhWvzkbKGPym1bgNi7tYFAgMBAAGjggF1MIIBcTAfBgNVHSME\nGDAWgBRTeb9aqitKz1SA4dibwJ3ysgNmyzAdBgNVHQ4EFgQUs5Cn2MmvTs1hPJ98\nrV1/Qf1pMOowDgYDVR0PAQH/BAQDAgGGMBIGA1UdEwEB/wQIMAYBAf8CAQAwHQYD\nVR0lBBYwFAYIKwYBBQUHAwEGCCsGAQUFBwMCMCIGA1UdIAQbMBkwDQYLKwYBBAGy\nMQECAhowCAYGZ4EMAQIBMFAGA1UdHwRJMEcwRaBDoEGGP2h0dHA6Ly9jcmwudXNl\ncnRydXN0LmNvbS9VU0VSVHJ1c3RSU0FDZXJ0aWZpY2F0aW9uQXV0aG9yaXR5LmNy\nbDB2BggrBgEFBQcBAQRqMGgwPwYIKwYBBQUHMAKGM2h0dHA6Ly9jcnQudXNlcnRy\ndXN0LmNvbS9VU0VSVHJ1c3RSU0FBZGRUcnVzdENBLmNydDAlBggrBgEFBQcwAYYZ\naHR0cDovL29jc3AudXNlcnRydXN0LmNvbTANBgkqhkiG9w0BAQwFAAOCAgEAWGf9\ncrJq13xhlhl+2UNG0SZ9yFP6ZrBrLafTqlb3OojQO3LJUP33WbKqaPWMcwO7lWUX\nzi8c3ZgTopHJ7qFAbjyY1lzzsiI8Le4bpOHeICQW8owRc5E69vrOJAKHypPstLbI\nFhfFcvwnQPYT/pOmnVHvPCvYd1ebjGU6NSU2t7WKY28HJ5OxYI2A25bUeo8tqxyI\nyW5+1mUfr13KFj8oRtygNeX56eXVlogMT8a3d2dIhCe2H7Bo26y/d7CQuKLJHDJd\nArolQ4FCR7vY4Y8MDEZf7kYzawMUgtN+zY+vkNaOJH1AQrRqahfGlZfh8jjNp+20\nJ0CT33KpuMZmYzc4ZCIwojvxuch7yPspOqsactIGEk72gtQjbz7Dk+XYtsDe3CMW\n1hMwt6CaDixVBgBwAc/qOR2A24j3pSC4W/0xJmmPLQphgzpHphNULB7j7UTKvGof\nKA5R2d4On3XNDgOVyvnFqSot/kGkoUeuDcL5OWYzSlvhhChZbH2UF3bkRYKtcCD9\n0m9jqNf6oDP6N8v3smWe2lBvP+Sn845dWDKXcCMu5/3EFZucJ48y7RetWIExKREa\nm9T8bJUox04FB6b9HbwZ4ui3uRGKLXASUoWNjDNKD/yZkuBjcNqllEdjB+dYxzFf\nBT02Vf6Dsuimrdfp5gJ0iHRc2jTbkNJtUQoj1iM=\n-----END CERTIFICATE-----\n'; 'icsi': {'first_seen': '16342'; 'version': '1'; 'validated': '1'; 'times_seen': '421'; 'last_seen': '16764'}},https://securelist.com/operation-shadowhammer/89992/,ShadowHammer,,247106a405b288a46e70a0262717162d0903e734,141.105.71.116,
2015-11-25T00:00:00,1448406000000,pSSL_IP,IP 141.105.71.116 had an SSL certificate a9f79883a075ce82d20d274d1368e876140d33b3 last seen in the wild 2015-11-25T00:00:00 {'info': {'extension': {'subjectKeyIdentifier': 'B6:A8:FF:A2:A8:2F:D0:A6:CD:4B:B1:68:F3:E7:50:10:31:A7:79:21'; 'authorityKeyIdentifier': 'keyid:A1:72:5F:26:1B:28:98:43:95:5D:07:37:D5:85:96:9D:4B:D2:C3:45\n'; 'crlDistributionPoints': '\nFull Name:\n  URI:http://crl.usertrust.com/UTN-USERFirst-Hardware.crl\n'; 'keyUsage': 'Certificate Sign; CRL Sign'; 'certificatePolicies': 'Policy: 1.3.6.1.4.1.6449.1.2.2.26\n'; 'authorityInfoAccess': 'CA Issuers - URI:http://crt.usertrust.com/UTNAddTrustServer_CA.crt\nOCSP - URI:http://ocsp.usertrust.com\n'; 'basicConstraints': 'CA:TRUE; pathlen:0'}; 'not_after': datetime.datetime(2020; 5; 30; 10; 48; 38; tzinfo=tzutc()); 'keylength': 2048; 'key': '-----BEGIN PUBLIC KEY-----\nMIIBIjANBgkqhkiG9w0BAQEFAAOCAQ8AMIIBCgKCAQEAtlQ9pdsNInhQalojiT+X\nodQHGqlYCJugFcMytrfx6Lmlb6039m5xG7R1LUhen8YVqoHv5cSIlYo6bHfMtc1l\n5Gflc8lQUpTBJ0k+oGtBFkG2lJlBrj7L4gZGCelNvslMVakYfqbfbv1KssxsTtnI\nUBWTs/Lp48JqrTrV+8N5UJ8leSmyR2R8ID7iCE2TKRS2NG7PcUZ+dhD0/WyqAdLC\nBt6Sg8xYkC6S3h5lt2MvPbLrcIxM4L4Vnd7BTVb4C8aOB7ld35Xwe0AfGizXnCtL\ndvRZ9UPBLGYQnp5mlmCdHHQbThhcCLBubMppGgLpu8p472Yu4zL9QVyVdIFN9Nr+\nSwIDAQAB\n-----END PUBLIC KEY-----\n'; 'fingerprint': 'A9F79883A075CE82D20D274D1368E876140D33B3'; 'issuer': 'C=US; ST=UT; L=Salt Lake City; O=The USERTRUST Network; OU=http://www.usertrust.com; CN=UTN-USERFirst-Hardware'; 'not_before': datetime.datetime(2008; 10; 23; 0; 0; tzinfo=tzutc()); 'subject': 'C=FR; O=GANDI SAS; CN=Gandi Standard SSL CA'}; 'pem': '-----BEGIN CERTIFICATE-----\nMIIEozCCA4ugAwIBAgIQWrYdrB5NogYUx1U9Pamy3DANBgkqhkiG9w0BAQUFADCB\nlzELMAkGA1UEBhMCVVMxCzAJBgNVBAgTAlVUMRcwFQYDVQQHEw5TYWx0IExha2Ug\nQ2l0eTEeMBwGA1UEChMVVGhlIFVTRVJUUlVTVCBOZXR3b3JrMSEwHwYDVQQLExho\ndHRwOi8vd3d3LnVzZXJ0cnVzdC5jb20xHzAdBgNVBAMTFlVUTi1VU0VSRmlyc3Qt\nSGFyZHdhcmUwHhcNMDgxMDIzMDAwMDAwWhcNMjAwNTMwMTA0ODM4WjBBMQswCQYD\nVQQGEwJGUjESMBAGA1UEChMJR0FOREkgU0FTMR4wHAYDVQQDExVHYW5kaSBTdGFu\nZGFyZCBTU0wgQ0EwggEiMA0GCSqGSIb3DQEBAQUAA4IBDwAwggEKAoIBAQC2VD2l\n2w0ieFBqWiOJP5eh1AcaqVgIm6AVwzK2t/HouaVvrTf2bnEbtHUtSF6fxhWqge/l\nxIiVijpsd8y1zWXkZ+VzyVBSlMEnST6ga0EWQbaUmUGuPsviBkYJ6U2+yUxVqRh+\npt9u/UqyzGxO2chQFZOz8unjwmqtOtX7w3lQnyV5KbJHZHwgPuIITZMpFLY0bs9x\nRn52EPT9bKoB0sIG3pKDzFiQLpLeHmW3Yy89sutwjEzgvhWd3sFNVvgLxo4HuV3f\nlfB7QB8aLNecK0t29Fn1Q8EsZhCenmaWYJ0cdBtOGFwIsG5symkaAum7ynjvZi7j\nMv1BXJV0gU302v5LAgMBAAGjggE+MIIBOjAfBgNVHSMEGDAWgBShcl8mGyiYQ5Vd\nBzfVhZadS9LDRTAdBgNVHQ4EFgQUtqj/oqgv0KbNS7Fo8+dQEDGneSEwDgYDVR0P\nAQH/BAQDAgEGMBIGA1UdEwEB/wQIMAYBAf8CAQAwGAYDVR0gBBEwDzANBgsrBgEE\nAbIxAQICGjBEBgNVHR8EPTA7MDmgN6A1hjNodHRwOi8vY3JsLnVzZXJ0cnVzdC5j\nb20vVVROLVVTRVJGaXJzdC1IYXJkd2FyZS5jcmwwdAYIKwYBBQUHAQEEaDBmMD0G\nCCsGAQUFBzAChjFodHRwOi8vY3J0LnVzZXJ0cnVzdC5jb20vVVROQWRkVHJ1c3RT\nZXJ2ZXJfQ0EuY3J0MCUGCCsGAQUFBzABhhlodHRwOi8vb2NzcC51c2VydHJ1c3Qu\nY29tMA0GCSqGSIb3DQEBBQUAA4IBAQAZU78DPZvia1r9ukkfT+zhxoI5PNIDBA+r\nez6CqYUQH/TeMq9YP/9w8zAdly1MmuLsDD4ULS+YSJ2uFmqsLUKqtWSkcLvrc5R7\nRkznehR2W0wdhKEgdB8uS1xwiNy99xk97VkN4j8m4pyspDyVHPi+jAOu8OWcTbzH\nm1gAv6+t+jducW0YNA7B6mr4Dd9pVFYV8iiz/qRj7MUEZGC7/irw9IehsK69quQv\n4wMLL2ZfhaQye0btJQzn8bfnGf1gul+Hd96YB5bkXupjfajeVdphXDyQg0MEBzzd\n8/ifBlIK3se2e4/hEfcEejX/arxbx1BJCHBvlEPNnsdw8dvQbdqP\n-----END CERTIFICATE-----\n'; 'icsi': {'first_seen': '15390'; 'version': '1'; 'validated': '1'; 'times_seen': '1372'; 'last_seen': '16764'}},https://securelist.com/operation-shadowhammer/89992/,ShadowHammer,,a9f79883a075ce82d20d274d1368e876140d33b3,141.105.71.116,
2015-11-25T00:00:00,1448406000000,pSSL_IP,IP 141.105.71.116 had an SSL certificate eab040689a0d805b5d6fd654fc168cff00b78be3 last seen in the wild 2015-11-25T00:00:00 {'info': {'extension': {'subjectKeyIdentifier': '53:79:BF:5A:AA:2B:4A:CF:54:80:E1:D8:9B:C0:9D:F2:B2:03:66:CB'; 'authorityKeyIdentifier': 'keyid:AD:BD:98:7A:34:B4:26:F7:FA:C4:26:54:EF:03:BD:E0:24:CB:54:1A\n'; 'crlDistributionPoints': '\nFull Name:\n  URI:http://crl.usertrust.com/AddTrustExternalCARoot.crl\n'; 'keyUsage': 'Digital Signature; Certificate Sign; CRL Sign'; 'certificatePolicies': 'Policy: X509v3 Any Policy\n'; 'authorityInfoAccess': 'OCSP - URI:http://ocsp.usertrust.com\n'; 'basicConstraints': 'CA:TRUE'}; 'not_after': datetime.datetime(2020; 5; 30; 10; 48; 38; tzinfo=tzutc()); 'keylength': 4096; 'key': '-----BEGIN PUBLIC KEY-----\nMIICIjANBgkqhkiG9w0BAQEFAAOCAg8AMIICCgKCAgEAgBJlFzYOw9sIs9CsVw12\n7c0n00ytUINh4qogTQktZAnczomfzD2p7PbPwdzx07HWezcoEStH2jnGvDoZtF+m\nvX2do2NCtnbyqTsrkfjib9DsFiCQCT7i6HTJGLSR1GJk23+jBvGIGGqQIjy8/hPw\nhxR79uQfjtTkUcYRZ0YIUcuGFFQ/vDP+fmyc/xadGL1RjjWmp2bIcmfbIWax1Jt4\nA8BQOujM8Ny8nkz+rwWWNR9XWrf/zvk9tyy29lTdyOcSOk2uTIq3XJq0tyA9yn8i\nNK5+O2hmAUTnAU5GU5szYPeUvlM3kHND8zLDU+/bqv50TmnHa4xgk97Exwzf4TKu\nzJM7UXiVZ4vuPVb+DNBpDxsP8yUmazNt925H+nND5X4OpWaxKXwyhGNVicQNwZNU\nMBkTrNN9N6frXTpsNVzbQdcS2qlJC9/YgIoJk2KOtWbPJYjNhLixP6Q5D9kCnusS\nTJV882sFqV4Wg8y4Z+LoE53MW4LTTLPtW//e5XOsIzstAL81VXQJSdhJWBp/kjbm\nUZIO8yZ9HE0XvMnsQybQv0FfQKlERPSZ51eHnlAfV1SoPv10Yy+xUGUJ5lhCLkMa\nTLTwJUdZ+gQek9QmRkpQgbLevni3/GcV4clXhB4PY9bpYrrWX1Uu6lzGKAgEJTm4\nDiup8kyXHAc/DVL17e8vgg8CAwEAAQ==\n-----END PUBLIC KEY-----\n'; 'fingerprint': 'EAB040689A0D805B5D6FD654FC168CFF00B78BE3'; 'issuer': 'C=SE; O=AddTrust AB; OU=AddTrust External TTP Network; CN=AddTrust External CA Root'; 'not_before': datetime.datetime(2000; 5; 30; 10; 48; 38; tzinfo=tzutc()); 'subject': 'C=US; ST=New Jersey; L=Jersey City; O=The USERTRUST Network; CN=USERTrust RSA Certification Authority'}; 'pem': '-----BEGIN CERTIFICATE-----\nMIIFdzCCBF+gAwIBAgIQE+oocFv07O0MNmMJgGFDNjANBgkqhkiG9w0BAQwFADBv\nMQswCQYDVQQGEwJTRTEUMBIGA1UEChMLQWRkVHJ1c3QgQUIxJjAkBgNVBAsTHUFk\nZFRydXN0IEV4dGVybmFsIFRUUCBOZXR3b3JrMSIwIAYDVQQDExlBZGRUcnVzdCBF\neHRlcm5hbCBDQSBSb290MB4XDTAwMDUzMDEwNDgzOFoXDTIwMDUzMDEwNDgzOFow\ngYgxCzAJBgNVBAYTAlVTMRMwEQYDVQQIEwpOZXcgSmVyc2V5MRQwEgYDVQQHEwtK\nZXJzZXkgQ2l0eTEeMBwGA1UEChMVVGhlIFVTRVJUUlVTVCBOZXR3b3JrMS4wLAYD\nVQQDEyVVU0VSVHJ1c3QgUlNBIENlcnRpZmljYXRpb24gQXV0aG9yaXR5MIICIjAN\nBgkqhkiG9w0BAQEFAAOCAg8AMIICCgKCAgEAgBJlFzYOw9sIs9CsVw127c0n00yt\nUINh4qogTQktZAnczomfzD2p7PbPwdzx07HWezcoEStH2jnGvDoZtF+mvX2do2NC\ntnbyqTsrkfjib9DsFiCQCT7i6HTJGLSR1GJk23+jBvGIGGqQIjy8/hPwhxR79uQf\njtTkUcYRZ0YIUcuGFFQ/vDP+fmyc/xadGL1RjjWmp2bIcmfbIWax1Jt4A8BQOujM\n8Ny8nkz+rwWWNR9XWrf/zvk9tyy29lTdyOcSOk2uTIq3XJq0tyA9yn8iNK5+O2hm\nAUTnAU5GU5szYPeUvlM3kHND8zLDU+/bqv50TmnHa4xgk97Exwzf4TKuzJM7UXiV\nZ4vuPVb+DNBpDxsP8yUmazNt925H+nND5X4OpWaxKXwyhGNVicQNwZNUMBkTrNN9\nN6frXTpsNVzbQdcS2qlJC9/YgIoJk2KOtWbPJYjNhLixP6Q5D9kCnusSTJV882sF\nqV4Wg8y4Z+LoE53MW4LTTLPtW//e5XOsIzstAL81VXQJSdhJWBp/kjbmUZIO8yZ9\nHE0XvMnsQybQv0FfQKlERPSZ51eHnlAfV1SoPv10Yy+xUGUJ5lhCLkMaTLTwJUdZ\n+gQek9QmRkpQgbLevni3/GcV4clXhB4PY9bpYrrWX1Uu6lzGKAgEJTm4Diup8kyX\nHAc/DVL17e8vgg8CAwEAAaOB9DCB8TAfBgNVHSMEGDAWgBStvZh6NLQm9/rEJlTv\nA73gJMtUGjAdBgNVHQ4EFgQUU3m/WqorSs9UgOHYm8Cd8rIDZsswDgYDVR0PAQH/\nBAQDAgGGMA8GA1UdEwEB/wQFMAMBAf8wEQYDVR0gBAowCDAGBgRVHSAAMEQGA1Ud\nHwQ9MDswOaA3oDWGM2h0dHA6Ly9jcmwudXNlcnRydXN0LmNvbS9BZGRUcnVzdEV4\ndGVybmFsQ0FSb290LmNybDA1BggrBgEFBQcBAQQpMCcwJQYIKwYBBQUHMAGGGWh0\ndHA6Ly9vY3NwLnVzZXJ0cnVzdC5jb20wDQYJKoZIhvcNAQEMBQADggEBAJNl9jeD\nlQ9ew4IcH9Z35zyKwKoJ8OkLJvHgwmp1ocd5yblSYMgpEg7wrQPWCcR23+WmgZWn\nRtqCV6mVksW2jwMibDN3wXsyF24HzloUQToFJBv2FAY7qCUkDrvMKnXduXBBP3zQ\nYzYhBx9G/2CkkeFnvN4ffhkUyWNnkepnB2u0j4vAbkN9w6GAbLIevFOFfdyQoaS8\nLe9Gclc1Bb+7RrtubTeZtv8jkpHGbkD4jylW6l/VXxRTrPBPYer3IsynVgviuDQf\nJtl7GQVoP7o81DgGotPmjw7jtHFtQELFhLRAlSv0ZaBIefYdgWOWnU914Ph85I6p\n0fKtirOMxyHNwu8=\n-----END CERTIFICATE-----\n'; 'icsi': {'first_seen': '16317'; 'version': '1'; 'validated': '1'; 'times_seen': '434'; 'last_seen': '16764'}},https://securelist.com/operation-shadowhammer/89992/,ShadowHammer,,eab040689a0d805b5d6fd654fc168cff00b78be3,141.105.71.116,
2015-03-16T00:00:00+00:00,1426460400000,pSSL_IP,IP 141.105.71.116 had an SSL certificate 2160707d2e21b4cba3f595ce1ebf6cf61f584edc issued not before 2015-03-16T00:00:00+00:00 {'info': {'extension': {'subjectKeyIdentifier': '5D:2A:67:CF:44:B9:BE:8A:4C:1F:59:BC:DE:EF:52:FA:C0:BD:B5:7D'; 'authorityKeyIdentifier': 'keyid:B6:A8:FF:A2:A8:2F:D0:A6:CD:4B:B1:68:F3:E7:50:10:31:A7:79:21\n'; 'extendedKeyUsage': 'TLS Web Server Authentication; TLS Web Client Authentication'; 'subjectAltName': 'DNS:www.compliancealliance.ru; DNS:compliancealliance.ru'; 'crlDistributionPoints': '\nFull Name:\n  URI:http://crl.gandi.net/GandiStandardSSLCA.crl\n'; 'keyUsage': 'Digital Signature; Key Encipherment'; 'certificatePolicies': 'Policy: 1.3.6.1.4.1.6449.1.2.2.26\n  CPS: http://www.gandi.net/contracts/fr/ssl/cps/pdf/\nPolicy: 2.23.140.1.2.1\n'; 'authorityInfoAccess': 'CA Issuers - URI:http://crt.gandi.net/GandiStandardSSLCA.crt\nOCSP - URI:http://ocsp.gandi.net\n'; 'basicConstraints': 'CA:FALSE'}; 'not_after': datetime.datetime(2016; 4; 13; 23; 59; 59; tzinfo=tzutc()); 'keylength': 2048; 'key': '-----BEGIN PUBLIC KEY-----\nMIIBIjANBgkqhkiG9w0BAQEFAAOCAQ8AMIIBCgKCAQEAsHyZqpPbBS7sufEATAYR\nO87PNkzoVhUU1RIiw3tLus2gwIqqpriPi5ZTs3G4JuM2wuy5igt3yvrzblzHZbLb\nJEBkpjldrVuBNipk8gyiiT+dD41QzhQlt0+z9WLsSH7U8BKcpZWBHk54/x29ZbHZ\nMxJ7SkgwRGQcEnusKFWnkU/PPMhLlEJVLTKaQ1vdDwi/miM4mFbpc3GNFWVHDzdk\n/f0ngN8p6weoUFotyvYnIPptV7DZth1FW9bLPVJKduRU9qk8PiR6PyDZn4lWxQVo\nwXJswwVaqqy+5DRyH8QSpFkON0NcXw8mvPDSPUNR5ZeQ0MfQEk6Qan2uGusDcr3t\nYwIDAQAB\n-----END PUBLIC KEY-----\n'; 'fingerprint': '2160707D2E21B4CBA3F595CE1EBF6CF61F584EDC'; 'issuer': 'C=FR; O=GANDI SAS; CN=Gandi Standard SSL CA'; 'not_before': datetime.datetime(2015; 3; 16; 0; 0; tzinfo=tzutc()); 'subject': 'OU=Domain Control Validated; OU=Gandi Standard SSL; CN=www.compliancealliance.ru'}; 'pem': '-----BEGIN CERTIFICATE-----\nMIIE+zCCA+OgAwIBAgIQJoDIW8IhLOMUoxLFvmEZpTANBgkqhkiG9w0BAQUFADBB\nMQswCQYDVQQGEwJGUjESMBAGA1UEChMJR0FOREkgU0FTMR4wHAYDVQQDExVHYW5k\naSBTdGFuZGFyZCBTU0wgQ0EwHhcNMTUwMzE2MDAwMDAwWhcNMTYwNDEzMjM1OTU5\nWjBkMSEwHwYDVQQLExhEb21haW4gQ29udHJvbCBWYWxpZGF0ZWQxGzAZBgNVBAsT\nEkdhbmRpIFN0YW5kYXJkIFNTTDEiMCAGA1UEAxMZd3d3LmNvbXBsaWFuY2VhbGxp\nYW5jZS5ydTCCASIwDQYJKoZIhvcNAQEBBQADggEPADCCAQoCggEBALB8maqT2wUu\n7LnxAEwGETvOzzZM6FYVFNUSIsN7S7rNoMCKqqa4j4uWU7NxuCbjNsLsuYoLd8r6\n825cx2Wy2yRAZKY5Xa1bgTYqZPIMook/nQ+NUM4UJbdPs/Vi7Eh+1PASnKWVgR5O\neP8dvWWx2TMSe0pIMERkHBJ7rChVp5FPzzzIS5RCVS0ymkNb3Q8Iv5ojOJhW6XNx\njRVlRw83ZP39J4DfKesHqFBaLcr2JyD6bVew2bYdRVvWyz1SSnbkVPapPD4kej8g\n2Z+JVsUFaMFybMMFWqqsvuQ0ch/EEqRZDjdDXF8PJrzw0j1DUeWXkNDH0BJOkGp9\nrhrrA3K97WMCAwEAAaOCAcowggHGMB8GA1UdIwQYMBaAFLao/6KoL9CmzUuxaPPn\nUBAxp3khMB0GA1UdDgQWBBRdKmfPRLm+ikwfWbze71L6wL21fTAOBgNVHQ8BAf8E\nBAMCBaAwDAYDVR0TAQH/BAIwADAdBgNVHSUEFjAUBggrBgEFBQcDAQYIKwYBBQUH\nAwIwYAYDVR0gBFkwVzBLBgsrBgEEAbIxAQICGjA8MDoGCCsGAQUFBwIBFi5odHRw\nOi8vd3d3LmdhbmRpLm5ldC9jb250cmFjdHMvZnIvc3NsL2Nwcy9wZGYvMAgGBmeB\nDAECATA8BgNVHR8ENTAzMDGgL6AthitodHRwOi8vY3JsLmdhbmRpLm5ldC9HYW5k\naVN0YW5kYXJkU1NMQ0EuY3JsMGoGCCsGAQUFBwEBBF4wXDA3BggrBgEFBQcwAoYr\naHR0cDovL2NydC5nYW5kaS5uZXQvR2FuZGlTdGFuZGFyZFNTTENBLmNydDAhBggr\nBgEFBQcwAYYVaHR0cDovL29jc3AuZ2FuZGkubmV0MDsGA1UdEQQ0MDKCGXd3dy5j\nb21wbGlhbmNlYWxsaWFuY2UucnWCFWNvbXBsaWFuY2VhbGxpYW5jZS5ydTANBgkq\nhkiG9w0BAQUFAAOCAQEAJu8CxvvppVMQx3nHd69+qXRIuryp1vBc0R4pOjXZpo4E\nQ18GinrY117Z2Ab8EnCVxcKZMifZ2GCfCSyPGZo6AfilEbZGukzoVdFYHzeS7ZDq\n4bjdriu4OHSIOMOghWO3lgrrQpI670fDUaMGktDDUEpwBJSnW5b0nqfvjFcCj8Fe\ntsQ9plHCvzFowbY8mD3fGPxdcQmFkeFtpQfv5fL+Mtc3vyq0AoGqXFPCSN6pqGTU\n/eWq15xG4NiX3C1Zzaw6r/iZRrDKBVFH2vIaeP5zpwyZnpTLrzZ7fyFy+rtV2YDE\nRgvBT+6C5JQ97dNgMpmJiRbgKpWtcmF8ZBp062CaAg==\n-----END CERTIFICATE-----\n'},https://securelist.com/operation-shadowhammer/89992/,ShadowHammer,,2160707d2e21b4cba3f595ce1ebf6cf61f584edc,141.105.71.116,
2014-09-29T00:00:00,1411941600000,pSSL_IP,IP 141.105.71.116 had an SSL certificate 247106a405b288a46e70a0262717162d0903e734 first seen in the wild 2014-09-29T00:00:00 {'info': {'extension': {'subjectKeyIdentifier': 'B3:90:A7:D8:C9:AF:4E:CD:61:3C:9F:7C:AD:5D:7F:41:FD:69:30:EA'; 'authorityKeyIdentifier': 'keyid:53:79:BF:5A:AA:2B:4A:CF:54:80:E1:D8:9B:C0:9D:F2:B2:03:66:CB\n'; 'extendedKeyUsage': 'TLS Web Server Authentication; TLS Web Client Authentication'; 'crlDistributionPoints': '\nFull Name:\n  URI:http://crl.usertrust.com/USERTrustRSACertificationAuthority.crl\n'; 'keyUsage': 'Digital Signature; Certificate Sign; CRL Sign'; 'certificatePolicies': 'Policy: 1.3.6.1.4.1.6449.1.2.2.26\nPolicy: 2.23.140.1.2.1\n'; 'authorityInfoAccess': 'CA Issuers - URI:http://crt.usertrust.com/USERTrustRSAAddTrustCA.crt\nOCSP - URI:http://ocsp.usertrust.com\n'; 'basicConstraints': 'CA:TRUE; pathlen:0'}; 'not_after': datetime.datetime(2024; 9; 11; 23; 59; 59; tzinfo=tzutc()); 'keylength': 2048; 'key': '-----BEGIN PUBLIC KEY-----\nMIIBIjANBgkqhkiG9w0BAQEFAAOCAQ8AMIIBCgKCAQEAlAQtpnmVdP/VADz1rtiU\nsSl8wI8LC4m5goOXbjco9aIaz9KSC5uo04eUc4QQn9w1y8Itkqwhucs7/EDBwYMh\n8L/49pz6nIIQwNCOTuUNTLCRXJC0pEBRFtrkhBItBVyhHxcZJFGqeurhBxuGjQFy\n8ufUgyM5nuDhTB9rIqO0EGaw7YKW125qtPI/tUL83Yq1q7otHTp1mzHcPp2sW9NB\nDWywG/U69XnqIaL49DNSSyQtHqSZsW1IvLgS/nJwfPf7AnX0jd7W2sCgMhpS3zhr\nLkU4Pz8ElgD9ofSiu9UX1id8G1hZlV6KEv2cq4E+UihIUYVr85Gyhj8ptW4DYu7W\nBQIDAQAB\n-----END PUBLIC KEY-----\n'; 'fingerprint': '247106A405B288A46E70A0262717162D0903E734'; 'issuer': 'C=US; ST=New Jersey; L=Jersey City; O=The USERTRUST Network; CN=USERTrust RSA Certification Authority'; 'not_before': datetime.datetime(2014; 9; 12; 0; 0; tzinfo=tzutc()); 'subject': 'C=FR; ST=Paris; L=Paris; O=Gandi; CN=Gandi Standard SSL CA 2'}; 'pem': '-----BEGIN CERTIFICATE-----\nMIIF6TCCA9GgAwIBAgIQBeTcO5Q4qzuFl8umoZhQ4zANBgkqhkiG9w0BAQwFADCB\niDELMAkGA1UEBhMCVVMxEzARBgNVBAgTCk5ldyBKZXJzZXkxFDASBgNVBAcTC0pl\ncnNleSBDaXR5MR4wHAYDVQQKExVUaGUgVVNFUlRSVVNUIE5ldHdvcmsxLjAsBgNV\nBAMTJVVTRVJUcnVzdCBSU0EgQ2VydGlmaWNhdGlvbiBBdXRob3JpdHkwHhcNMTQw\nOTEyMDAwMDAwWhcNMjQwOTExMjM1OTU5WjBfMQswCQYDVQQGEwJGUjEOMAwGA1UE\nCBMFUGFyaXMxDjAMBgNVBAcTBVBhcmlzMQ4wDAYDVQQKEwVHYW5kaTEgMB4GA1UE\nAxMXR2FuZGkgU3RhbmRhcmQgU1NMIENBIDIwggEiMA0GCSqGSIb3DQEBAQUAA4IB\nDwAwggEKAoIBAQCUBC2meZV0/9UAPPWu2JSxKXzAjwsLibmCg5duNyj1ohrP0pIL\nm6jTh5RzhBCf3DXLwi2SrCG5yzv8QMHBgyHwv/j2nPqcghDA0I5O5Q1MsJFckLSk\nQFEW2uSEEi0FXKEfFxkkUap66uEHG4aNAXLy59SDIzme4OFMH2sio7QQZrDtgpbX\nbmq08j+1QvzdirWrui0dOnWbMdw+naxb00ENbLAb9Tr1eeohovj0M1JLJC0epJmx\nbUi8uBL+cnB89/sCdfSN3tbawKAyGlLfOGsuRTg/PwSWAP2h9KK71RfWJ3wbWFmV\nXooS/ZyrgT5SKEhRhWvzkbKGPym1bgNi7tYFAgMBAAGjggF1MIIBcTAfBgNVHSME\nGDAWgBRTeb9aqitKz1SA4dibwJ3ysgNmyzAdBgNVHQ4EFgQUs5Cn2MmvTs1hPJ98\nrV1/Qf1pMOowDgYDVR0PAQH/BAQDAgGGMBIGA1UdEwEB/wQIMAYBAf8CAQAwHQYD\nVR0lBBYwFAYIKwYBBQUHAwEGCCsGAQUFBwMCMCIGA1UdIAQbMBkwDQYLKwYBBAGy\nMQECAhowCAYGZ4EMAQIBMFAGA1UdHwRJMEcwRaBDoEGGP2h0dHA6Ly9jcmwudXNl\ncnRydXN0LmNvbS9VU0VSVHJ1c3RSU0FDZXJ0aWZpY2F0aW9uQXV0aG9yaXR5LmNy\nbDB2BggrBgEFBQcBAQRqMGgwPwYIKwYBBQUHMAKGM2h0dHA6Ly9jcnQudXNlcnRy\ndXN0LmNvbS9VU0VSVHJ1c3RSU0FBZGRUcnVzdENBLmNydDAlBggrBgEFBQcwAYYZ\naHR0cDovL29jc3AudXNlcnRydXN0LmNvbTANBgkqhkiG9w0BAQwFAAOCAgEAWGf9\ncrJq13xhlhl+2UNG0SZ9yFP6ZrBrLafTqlb3OojQO3LJUP33WbKqaPWMcwO7lWUX\nzi8c3ZgTopHJ7qFAbjyY1lzzsiI8Le4bpOHeICQW8owRc5E69vrOJAKHypPstLbI\nFhfFcvwnQPYT/pOmnVHvPCvYd1ebjGU6NSU2t7WKY28HJ5OxYI2A25bUeo8tqxyI\nyW5+1mUfr13KFj8oRtygNeX56eXVlogMT8a3d2dIhCe2H7Bo26y/d7CQuKLJHDJd\nArolQ4FCR7vY4Y8MDEZf7kYzawMUgtN+zY+vkNaOJH1AQrRqahfGlZfh8jjNp+20\nJ0CT33KpuMZmYzc4ZCIwojvxuch7yPspOqsactIGEk72gtQjbz7Dk+XYtsDe3CMW\n1hMwt6CaDixVBgBwAc/qOR2A24j3pSC4W/0xJmmPLQphgzpHphNULB7j7UTKvGof\nKA5R2d4On3XNDgOVyvnFqSot/kGkoUeuDcL5OWYzSlvhhChZbH2UF3bkRYKtcCD9\n0m9jqNf6oDP6N8v3smWe2lBvP+Sn845dWDKXcCMu5/3EFZucJ48y7RetWIExKREa\nm9T8bJUox04FB6b9HbwZ4ui3uRGKLXASUoWNjDNKD/yZkuBjcNqllEdjB+dYxzFf\nBT02Vf6Dsuimrdfp5gJ0iHRc2jTbkNJtUQoj1iM=\n-----END CERTIFICATE-----\n'; 'icsi': {'first_seen': '16342'; 'version': '1'; 'validated': '1'; 'times_seen': '421'; 'last_seen': '16764'}},https://securelist.com/operation-shadowhammer/89992/,ShadowHammer,,247106a405b288a46e70a0262717162d0903e734,141.105.71.116,
2014-09-12T00:00:00+00:00,1410472800000,pSSL_IP,IP 141.105.71.116 had an SSL certificate 247106a405b288a46e70a0262717162d0903e734 issued not before 2014-09-12T00:00:00+00:00 {'info': {'extension': {'subjectKeyIdentifier': 'B3:90:A7:D8:C9:AF:4E:CD:61:3C:9F:7C:AD:5D:7F:41:FD:69:30:EA'; 'authorityKeyIdentifier': 'keyid:53:79:BF:5A:AA:2B:4A:CF:54:80:E1:D8:9B:C0:9D:F2:B2:03:66:CB\n'; 'extendedKeyUsage': 'TLS Web Server Authentication; TLS Web Client Authentication'; 'crlDistributionPoints': '\nFull Name:\n  URI:http://crl.usertrust.com/USERTrustRSACertificationAuthority.crl\n'; 'keyUsage': 'Digital Signature; Certificate Sign; CRL Sign'; 'certificatePolicies': 'Policy: 1.3.6.1.4.1.6449.1.2.2.26\nPolicy: 2.23.140.1.2.1\n'; 'authorityInfoAccess': 'CA Issuers - URI:http://crt.usertrust.com/USERTrustRSAAddTrustCA.crt\nOCSP - URI:http://ocsp.usertrust.com\n'; 'basicConstraints': 'CA:TRUE; pathlen:0'}; 'not_after': datetime.datetime(2024; 9; 11; 23; 59; 59; tzinfo=tzutc()); 'keylength': 2048; 'key': '-----BEGIN PUBLIC KEY-----\nMIIBIjANBgkqhkiG9w0BAQEFAAOCAQ8AMIIBCgKCAQEAlAQtpnmVdP/VADz1rtiU\nsSl8wI8LC4m5goOXbjco9aIaz9KSC5uo04eUc4QQn9w1y8Itkqwhucs7/EDBwYMh\n8L/49pz6nIIQwNCOTuUNTLCRXJC0pEBRFtrkhBItBVyhHxcZJFGqeurhBxuGjQFy\n8ufUgyM5nuDhTB9rIqO0EGaw7YKW125qtPI/tUL83Yq1q7otHTp1mzHcPp2sW9NB\nDWywG/U69XnqIaL49DNSSyQtHqSZsW1IvLgS/nJwfPf7AnX0jd7W2sCgMhpS3zhr\nLkU4Pz8ElgD9ofSiu9UX1id8G1hZlV6KEv2cq4E+UihIUYVr85Gyhj8ptW4DYu7W\nBQIDAQAB\n-----END PUBLIC KEY-----\n'; 'fingerprint': '247106A405B288A46E70A0262717162D0903E734'; 'issuer': 'C=US; ST=New Jersey; L=Jersey City; O=The USERTRUST Network; CN=USERTrust RSA Certification Authority'; 'not_before': datetime.datetime(2014; 9; 12; 0; 0; tzinfo=tzutc()); 'subject': 'C=FR; ST=Paris; L=Paris; O=Gandi; CN=Gandi Standard SSL CA 2'}; 'pem': '-----BEGIN CERTIFICATE-----\nMIIF6TCCA9GgAwIBAgIQBeTcO5Q4qzuFl8umoZhQ4zANBgkqhkiG9w0BAQwFADCB\niDELMAkGA1UEBhMCVVMxEzARBgNVBAgTCk5ldyBKZXJzZXkxFDASBgNVBAcTC0pl\ncnNleSBDaXR5MR4wHAYDVQQKExVUaGUgVVNFUlRSVVNUIE5ldHdvcmsxLjAsBgNV\nBAMTJVVTRVJUcnVzdCBSU0EgQ2VydGlmaWNhdGlvbiBBdXRob3JpdHkwHhcNMTQw\nOTEyMDAwMDAwWhcNMjQwOTExMjM1OTU5WjBfMQswCQYDVQQGEwJGUjEOMAwGA1UE\nCBMFUGFyaXMxDjAMBgNVBAcTBVBhcmlzMQ4wDAYDVQQKEwVHYW5kaTEgMB4GA1UE\nAxMXR2FuZGkgU3RhbmRhcmQgU1NMIENBIDIwggEiMA0GCSqGSIb3DQEBAQUAA4IB\nDwAwggEKAoIBAQCUBC2meZV0/9UAPPWu2JSxKXzAjwsLibmCg5duNyj1ohrP0pIL\nm6jTh5RzhBCf3DXLwi2SrCG5yzv8QMHBgyHwv/j2nPqcghDA0I5O5Q1MsJFckLSk\nQFEW2uSEEi0FXKEfFxkkUap66uEHG4aNAXLy59SDIzme4OFMH2sio7QQZrDtgpbX\nbmq08j+1QvzdirWrui0dOnWbMdw+naxb00ENbLAb9Tr1eeohovj0M1JLJC0epJmx\nbUi8uBL+cnB89/sCdfSN3tbawKAyGlLfOGsuRTg/PwSWAP2h9KK71RfWJ3wbWFmV\nXooS/ZyrgT5SKEhRhWvzkbKGPym1bgNi7tYFAgMBAAGjggF1MIIBcTAfBgNVHSME\nGDAWgBRTeb9aqitKz1SA4dibwJ3ysgNmyzAdBgNVHQ4EFgQUs5Cn2MmvTs1hPJ98\nrV1/Qf1pMOowDgYDVR0PAQH/BAQDAgGGMBIGA1UdEwEB/wQIMAYBAf8CAQAwHQYD\nVR0lBBYwFAYIKwYBBQUHAwEGCCsGAQUFBwMCMCIGA1UdIAQbMBkwDQYLKwYBBAGy\nMQECAhowCAYGZ4EMAQIBMFAGA1UdHwRJMEcwRaBDoEGGP2h0dHA6Ly9jcmwudXNl\ncnRydXN0LmNvbS9VU0VSVHJ1c3RSU0FDZXJ0aWZpY2F0aW9uQXV0aG9yaXR5LmNy\nbDB2BggrBgEFBQcBAQRqMGgwPwYIKwYBBQUHMAKGM2h0dHA6Ly9jcnQudXNlcnRy\ndXN0LmNvbS9VU0VSVHJ1c3RSU0FBZGRUcnVzdENBLmNydDAlBggrBgEFBQcwAYYZ\naHR0cDovL29jc3AudXNlcnRydXN0LmNvbTANBgkqhkiG9w0BAQwFAAOCAgEAWGf9\ncrJq13xhlhl+2UNG0SZ9yFP6ZrBrLafTqlb3OojQO3LJUP33WbKqaPWMcwO7lWUX\nzi8c3ZgTopHJ7qFAbjyY1lzzsiI8Le4bpOHeICQW8owRc5E69vrOJAKHypPstLbI\nFhfFcvwnQPYT/pOmnVHvPCvYd1ebjGU6NSU2t7WKY28HJ5OxYI2A25bUeo8tqxyI\nyW5+1mUfr13KFj8oRtygNeX56eXVlogMT8a3d2dIhCe2H7Bo26y/d7CQuKLJHDJd\nArolQ4FCR7vY4Y8MDEZf7kYzawMUgtN+zY+vkNaOJH1AQrRqahfGlZfh8jjNp+20\nJ0CT33KpuMZmYzc4ZCIwojvxuch7yPspOqsactIGEk72gtQjbz7Dk+XYtsDe3CMW\n1hMwt6CaDixVBgBwAc/qOR2A24j3pSC4W/0xJmmPLQphgzpHphNULB7j7UTKvGof\nKA5R2d4On3XNDgOVyvnFqSot/kGkoUeuDcL5OWYzSlvhhChZbH2UF3bkRYKtcCD9\n0m9jqNf6oDP6N8v3smWe2lBvP+Sn845dWDKXcCMu5/3EFZucJ48y7RetWIExKREa\nm9T8bJUox04FB6b9HbwZ4ui3uRGKLXASUoWNjDNKD/yZkuBjcNqllEdjB+dYxzFf\nBT02Vf6Dsuimrdfp5gJ0iHRc2jTbkNJtUQoj1iM=\n-----END CERTIFICATE-----\n'; 'icsi': {'first_seen': '16342'; 'version': '1'; 'validated': '1'; 'times_seen': '421'; 'last_seen': '16764'}},https://securelist.com/operation-shadowhammer/89992/,ShadowHammer,,247106a405b288a46e70a0262717162d0903e734,141.105.71.116,
2014-09-04T00:00:00,1409781600000,pSSL_IP,IP 141.105.71.116 had an SSL certificate eab040689a0d805b5d6fd654fc168cff00b78be3 first seen in the wild 2014-09-04T00:00:00 {'info': {'extension': {'subjectKeyIdentifier': '53:79:BF:5A:AA:2B:4A:CF:54:80:E1:D8:9B:C0:9D:F2:B2:03:66:CB'; 'authorityKeyIdentifier': 'keyid:AD:BD:98:7A:34:B4:26:F7:FA:C4:26:54:EF:03:BD:E0:24:CB:54:1A\n'; 'crlDistributionPoints': '\nFull Name:\n  URI:http://crl.usertrust.com/AddTrustExternalCARoot.crl\n'; 'keyUsage': 'Digital Signature; Certificate Sign; CRL Sign'; 'certificatePolicies': 'Policy: X509v3 Any Policy\n'; 'authorityInfoAccess': 'OCSP - URI:http://ocsp.usertrust.com\n'; 'basicConstraints': 'CA:TRUE'}; 'not_after': datetime.datetime(2020; 5; 30; 10; 48; 38; tzinfo=tzutc()); 'keylength': 4096; 'key': '-----BEGIN PUBLIC KEY-----\nMIICIjANBgkqhkiG9w0BAQEFAAOCAg8AMIICCgKCAgEAgBJlFzYOw9sIs9CsVw12\n7c0n00ytUINh4qogTQktZAnczomfzD2p7PbPwdzx07HWezcoEStH2jnGvDoZtF+m\nvX2do2NCtnbyqTsrkfjib9DsFiCQCT7i6HTJGLSR1GJk23+jBvGIGGqQIjy8/hPw\nhxR79uQfjtTkUcYRZ0YIUcuGFFQ/vDP+fmyc/xadGL1RjjWmp2bIcmfbIWax1Jt4\nA8BQOujM8Ny8nkz+rwWWNR9XWrf/zvk9tyy29lTdyOcSOk2uTIq3XJq0tyA9yn8i\nNK5+O2hmAUTnAU5GU5szYPeUvlM3kHND8zLDU+/bqv50TmnHa4xgk97Exwzf4TKu\nzJM7UXiVZ4vuPVb+DNBpDxsP8yUmazNt925H+nND5X4OpWaxKXwyhGNVicQNwZNU\nMBkTrNN9N6frXTpsNVzbQdcS2qlJC9/YgIoJk2KOtWbPJYjNhLixP6Q5D9kCnusS\nTJV882sFqV4Wg8y4Z+LoE53MW4LTTLPtW//e5XOsIzstAL81VXQJSdhJWBp/kjbm\nUZIO8yZ9HE0XvMnsQybQv0FfQKlERPSZ51eHnlAfV1SoPv10Yy+xUGUJ5lhCLkMa\nTLTwJUdZ+gQek9QmRkpQgbLevni3/GcV4clXhB4PY9bpYrrWX1Uu6lzGKAgEJTm4\nDiup8kyXHAc/DVL17e8vgg8CAwEAAQ==\n-----END PUBLIC KEY-----\n'; 'fingerprint': 'EAB040689A0D805B5D6FD654FC168CFF00B78BE3'; 'issuer': 'C=SE; O=AddTrust AB; OU=AddTrust External TTP Network; CN=AddTrust External CA Root'; 'not_before': datetime.datetime(2000; 5; 30; 10; 48; 38; tzinfo=tzutc()); 'subject': 'C=US; ST=New Jersey; L=Jersey City; O=The USERTRUST Network; CN=USERTrust RSA Certification Authority'}; 'pem': '-----BEGIN CERTIFICATE-----\nMIIFdzCCBF+gAwIBAgIQE+oocFv07O0MNmMJgGFDNjANBgkqhkiG9w0BAQwFADBv\nMQswCQYDVQQGEwJTRTEUMBIGA1UEChMLQWRkVHJ1c3QgQUIxJjAkBgNVBAsTHUFk\nZFRydXN0IEV4dGVybmFsIFRUUCBOZXR3b3JrMSIwIAYDVQQDExlBZGRUcnVzdCBF\neHRlcm5hbCBDQSBSb290MB4XDTAwMDUzMDEwNDgzOFoXDTIwMDUzMDEwNDgzOFow\ngYgxCzAJBgNVBAYTAlVTMRMwEQYDVQQIEwpOZXcgSmVyc2V5MRQwEgYDVQQHEwtK\nZXJzZXkgQ2l0eTEeMBwGA1UEChMVVGhlIFVTRVJUUlVTVCBOZXR3b3JrMS4wLAYD\nVQQDEyVVU0VSVHJ1c3QgUlNBIENlcnRpZmljYXRpb24gQXV0aG9yaXR5MIICIjAN\nBgkqhkiG9w0BAQEFAAOCAg8AMIICCgKCAgEAgBJlFzYOw9sIs9CsVw127c0n00yt\nUINh4qogTQktZAnczomfzD2p7PbPwdzx07HWezcoEStH2jnGvDoZtF+mvX2do2NC\ntnbyqTsrkfjib9DsFiCQCT7i6HTJGLSR1GJk23+jBvGIGGqQIjy8/hPwhxR79uQf\njtTkUcYRZ0YIUcuGFFQ/vDP+fmyc/xadGL1RjjWmp2bIcmfbIWax1Jt4A8BQOujM\n8Ny8nkz+rwWWNR9XWrf/zvk9tyy29lTdyOcSOk2uTIq3XJq0tyA9yn8iNK5+O2hm\nAUTnAU5GU5szYPeUvlM3kHND8zLDU+/bqv50TmnHa4xgk97Exwzf4TKuzJM7UXiV\nZ4vuPVb+DNBpDxsP8yUmazNt925H+nND5X4OpWaxKXwyhGNVicQNwZNUMBkTrNN9\nN6frXTpsNVzbQdcS2qlJC9/YgIoJk2KOtWbPJYjNhLixP6Q5D9kCnusSTJV882sF\nqV4Wg8y4Z+LoE53MW4LTTLPtW//e5XOsIzstAL81VXQJSdhJWBp/kjbmUZIO8yZ9\nHE0XvMnsQybQv0FfQKlERPSZ51eHnlAfV1SoPv10Yy+xUGUJ5lhCLkMaTLTwJUdZ\n+gQek9QmRkpQgbLevni3/GcV4clXhB4PY9bpYrrWX1Uu6lzGKAgEJTm4Diup8kyX\nHAc/DVL17e8vgg8CAwEAAaOB9DCB8TAfBgNVHSMEGDAWgBStvZh6NLQm9/rEJlTv\nA73gJMtUGjAdBgNVHQ4EFgQUU3m/WqorSs9UgOHYm8Cd8rIDZsswDgYDVR0PAQH/\nBAQDAgGGMA8GA1UdEwEB/wQFMAMBAf8wEQYDVR0gBAowCDAGBgRVHSAAMEQGA1Ud\nHwQ9MDswOaA3oDWGM2h0dHA6Ly9jcmwudXNlcnRydXN0LmNvbS9BZGRUcnVzdEV4\ndGVybmFsQ0FSb290LmNybDA1BggrBgEFBQcBAQQpMCcwJQYIKwYBBQUHMAGGGWh0\ndHA6Ly9vY3NwLnVzZXJ0cnVzdC5jb20wDQYJKoZIhvcNAQEMBQADggEBAJNl9jeD\nlQ9ew4IcH9Z35zyKwKoJ8OkLJvHgwmp1ocd5yblSYMgpEg7wrQPWCcR23+WmgZWn\nRtqCV6mVksW2jwMibDN3wXsyF24HzloUQToFJBv2FAY7qCUkDrvMKnXduXBBP3zQ\nYzYhBx9G/2CkkeFnvN4ffhkUyWNnkepnB2u0j4vAbkN9w6GAbLIevFOFfdyQoaS8\nLe9Gclc1Bb+7RrtubTeZtv8jkpHGbkD4jylW6l/VXxRTrPBPYer3IsynVgviuDQf\nJtl7GQVoP7o81DgGotPmjw7jtHFtQELFhLRAlSv0ZaBIefYdgWOWnU914Ph85I6p\n0fKtirOMxyHNwu8=\n-----END CERTIFICATE-----\n'; 'icsi': {'first_seen': '16317'; 'version': '1'; 'validated': '1'; 'times_seen': '434'; 'last_seen': '16764'}},https://securelist.com/operation-shadowhammer/89992/,ShadowHammer,,eab040689a0d805b5d6fd654fc168cff00b78be3,141.105.71.116,
2012-02-20T00:00:00,1329692400000,pSSL_IP,IP 141.105.71.116 had an SSL certificate a9f79883a075ce82d20d274d1368e876140d33b3 first seen in the wild 2012-02-20T00:00:00 {'info': {'extension': {'subjectKeyIdentifier': 'B6:A8:FF:A2:A8:2F:D0:A6:CD:4B:B1:68:F3:E7:50:10:31:A7:79:21'; 'authorityKeyIdentifier': 'keyid:A1:72:5F:26:1B:28:98:43:95:5D:07:37:D5:85:96:9D:4B:D2:C3:45\n'; 'crlDistributionPoints': '\nFull Name:\n  URI:http://crl.usertrust.com/UTN-USERFirst-Hardware.crl\n'; 'keyUsage': 'Certificate Sign; CRL Sign'; 'certificatePolicies': 'Policy: 1.3.6.1.4.1.6449.1.2.2.26\n'; 'authorityInfoAccess': 'CA Issuers - URI:http://crt.usertrust.com/UTNAddTrustServer_CA.crt\nOCSP - URI:http://ocsp.usertrust.com\n'; 'basicConstraints': 'CA:TRUE; pathlen:0'}; 'not_after': datetime.datetime(2020; 5; 30; 10; 48; 38; tzinfo=tzutc()); 'keylength': 2048; 'key': '-----BEGIN PUBLIC KEY-----\nMIIBIjANBgkqhkiG9w0BAQEFAAOCAQ8AMIIBCgKCAQEAtlQ9pdsNInhQalojiT+X\nodQHGqlYCJugFcMytrfx6Lmlb6039m5xG7R1LUhen8YVqoHv5cSIlYo6bHfMtc1l\n5Gflc8lQUpTBJ0k+oGtBFkG2lJlBrj7L4gZGCelNvslMVakYfqbfbv1KssxsTtnI\nUBWTs/Lp48JqrTrV+8N5UJ8leSmyR2R8ID7iCE2TKRS2NG7PcUZ+dhD0/WyqAdLC\nBt6Sg8xYkC6S3h5lt2MvPbLrcIxM4L4Vnd7BTVb4C8aOB7ld35Xwe0AfGizXnCtL\ndvRZ9UPBLGYQnp5mlmCdHHQbThhcCLBubMppGgLpu8p472Yu4zL9QVyVdIFN9Nr+\nSwIDAQAB\n-----END PUBLIC KEY-----\n'; 'fingerprint': 'A9F79883A075CE82D20D274D1368E876140D33B3'; 'issuer': 'C=US; ST=UT; L=Salt Lake City; O=The USERTRUST Network; OU=http://www.usertrust.com; CN=UTN-USERFirst-Hardware'; 'not_before': datetime.datetime(2008; 10; 23; 0; 0; tzinfo=tzutc()); 'subject': 'C=FR; O=GANDI SAS; CN=Gandi Standard SSL CA'}; 'pem': '-----BEGIN CERTIFICATE-----\nMIIEozCCA4ugAwIBAgIQWrYdrB5NogYUx1U9Pamy3DANBgkqhkiG9w0BAQUFADCB\nlzELMAkGA1UEBhMCVVMxCzAJBgNVBAgTAlVUMRcwFQYDVQQHEw5TYWx0IExha2Ug\nQ2l0eTEeMBwGA1UEChMVVGhlIFVTRVJUUlVTVCBOZXR3b3JrMSEwHwYDVQQLExho\ndHRwOi8vd3d3LnVzZXJ0cnVzdC5jb20xHzAdBgNVBAMTFlVUTi1VU0VSRmlyc3Qt\nSGFyZHdhcmUwHhcNMDgxMDIzMDAwMDAwWhcNMjAwNTMwMTA0ODM4WjBBMQswCQYD\nVQQGEwJGUjESMBAGA1UEChMJR0FOREkgU0FTMR4wHAYDVQQDExVHYW5kaSBTdGFu\nZGFyZCBTU0wgQ0EwggEiMA0GCSqGSIb3DQEBAQUAA4IBDwAwggEKAoIBAQC2VD2l\n2w0ieFBqWiOJP5eh1AcaqVgIm6AVwzK2t/HouaVvrTf2bnEbtHUtSF6fxhWqge/l\nxIiVijpsd8y1zWXkZ+VzyVBSlMEnST6ga0EWQbaUmUGuPsviBkYJ6U2+yUxVqRh+\npt9u/UqyzGxO2chQFZOz8unjwmqtOtX7w3lQnyV5KbJHZHwgPuIITZMpFLY0bs9x\nRn52EPT9bKoB0sIG3pKDzFiQLpLeHmW3Yy89sutwjEzgvhWd3sFNVvgLxo4HuV3f\nlfB7QB8aLNecK0t29Fn1Q8EsZhCenmaWYJ0cdBtOGFwIsG5symkaAum7ynjvZi7j\nMv1BXJV0gU302v5LAgMBAAGjggE+MIIBOjAfBgNVHSMEGDAWgBShcl8mGyiYQ5Vd\nBzfVhZadS9LDRTAdBgNVHQ4EFgQUtqj/oqgv0KbNS7Fo8+dQEDGneSEwDgYDVR0P\nAQH/BAQDAgEGMBIGA1UdEwEB/wQIMAYBAf8CAQAwGAYDVR0gBBEwDzANBgsrBgEE\nAbIxAQICGjBEBgNVHR8EPTA7MDmgN6A1hjNodHRwOi8vY3JsLnVzZXJ0cnVzdC5j\nb20vVVROLVVTRVJGaXJzdC1IYXJkd2FyZS5jcmwwdAYIKwYBBQUHAQEEaDBmMD0G\nCCsGAQUFBzAChjFodHRwOi8vY3J0LnVzZXJ0cnVzdC5jb20vVVROQWRkVHJ1c3RT\nZXJ2ZXJfQ0EuY3J0MCUGCCsGAQUFBzABhhlodHRwOi8vb2NzcC51c2VydHJ1c3Qu\nY29tMA0GCSqGSIb3DQEBBQUAA4IBAQAZU78DPZvia1r9ukkfT+zhxoI5PNIDBA+r\nez6CqYUQH/TeMq9YP/9w8zAdly1MmuLsDD4ULS+YSJ2uFmqsLUKqtWSkcLvrc5R7\nRkznehR2W0wdhKEgdB8uS1xwiNy99xk97VkN4j8m4pyspDyVHPi+jAOu8OWcTbzH\nm1gAv6+t+jducW0YNA7B6mr4Dd9pVFYV8iiz/qRj7MUEZGC7/irw9IehsK69quQv\n4wMLL2ZfhaQye0btJQzn8bfnGf1gul+Hd96YB5bkXupjfajeVdphXDyQg0MEBzzd\n8/ifBlIK3se2e4/hEfcEejX/arxbx1BJCHBvlEPNnsdw8dvQbdqP\n-----END CERTIFICATE-----\n'; 'icsi': {'first_seen': '15390'; 'version': '1'; 'validated': '1'; 'times_seen': '1372'; 'last_seen': '16764'}},https://securelist.com/operation-shadowhammer/89992/,ShadowHammer,,a9f79883a075ce82d20d274d1368e876140d33b3,141.105.71.116,
2012-02-17T00:00:00,1329433200000,pSSL_IP,IP 141.105.71.116 had an SSL certificate 3d4b2a4c64317143f50258d7e6fd7d3c021a529e first seen in the wild 2012-02-17T00:00:00 {'info': {'extension': {'subjectKeyIdentifier': 'A1:72:5F:26:1B:28:98:43:95:5D:07:37:D5:85:96:9D:4B:D2:C3:45'; 'crlDistributionPoints': '\nFull Name:\n  URI:http://crl.usertrust.com/AddTrustExternalCARoot.crl\n'; 'keyUsage': 'Certificate Sign; CRL Sign'; 'authorityKeyIdentifier': 'keyid:AD:BD:98:7A:34:B4:26:F7:FA:C4:26:54:EF:03:BD:E0:24:CB:54:1A\n'; 'basicConstraints': 'CA:TRUE'}; 'not_after': datetime.datetime(2020; 5; 30; 10; 48; 38; tzinfo=tzutc()); 'keylength': 2048; 'key': '-----BEGIN PUBLIC KEY-----\nMIIBIjANBgkqhkiG9w0BAQEFAAOCAQ8AMIIBCgKCAQEAsffDOD+0qH/POYJRZ9Bt\nn9L/WPPnnyvsDYlUmbk4mRb34CF5SMK7YXQSlh08anLVPBBnOjntKxPNZuuVCTOk\nbJex6MbswXV5nEZejavQav25KlUXEFSzGfCa9vGxXbanbfvgcRdrooj7AN/+GjF3\nDJoBerEy4ysBBzhuw6VeI7xFm3tQwckwj9vlK3rTW/szQB6g1ZgXvIuHw4nTXaCO\nsqqq9o5piAbF+okh8widaS4JM5spDUYPjMxJNLBpUb35Bs1orWZMvD6sYb0KiA7I\n3z3ufARMnQpea5HW7sftKI2rTYeJc9BupNAeFosU4XZEA39jrOTNSZzFkvSrMqFI\nWwIDAQAB\n-----END PUBLIC KEY-----\n'; 'fingerprint': '3D4B2A4C64317143F50258D7E6FD7D3C021A529E'; 'issuer': 'C=SE; O=AddTrust AB; OU=AddTrust External TTP Network; CN=AddTrust External CA Root'; 'not_before': datetime.datetime(2005; 6; 7; 8; 9; 10; tzinfo=tzutc()); 'subject': 'C=US; ST=UT; L=Salt Lake City; O=The USERTRUST Network; OU=http://www.usertrust.com; CN=UTN-USERFirst-Hardware'}; 'pem': '-----BEGIN CERTIFICATE-----\nMIIEPDCCAySgAwIBAgIQSEus8arH1xND0aJ0NUmXJTANBgkqhkiG9w0BAQUFADBv\nMQswCQYDVQQGEwJTRTEUMBIGA1UEChMLQWRkVHJ1c3QgQUIxJjAkBgNVBAsTHUFk\nZFRydXN0IEV4dGVybmFsIFRUUCBOZXR3b3JrMSIwIAYDVQQDExlBZGRUcnVzdCBF\neHRlcm5hbCBDQSBSb290MB4XDTA1MDYwNzA4MDkxMFoXDTIwMDUzMDEwNDgzOFow\ngZcxCzAJBgNVBAYTAlVTMQswCQYDVQQIEwJVVDEXMBUGA1UEBxMOU2FsdCBMYWtl\nIENpdHkxHjAcBgNVBAoTFVRoZSBVU0VSVFJVU1QgTmV0d29yazEhMB8GA1UECxMY\naHR0cDovL3d3dy51c2VydHJ1c3QuY29tMR8wHQYDVQQDExZVVE4tVVNFUkZpcnN0\nLUhhcmR3YXJlMIIBIjANBgkqhkiG9w0BAQEFAAOCAQ8AMIIBCgKCAQEAsffDOD+0\nqH/POYJRZ9Btn9L/WPPnnyvsDYlUmbk4mRb34CF5SMK7YXQSlh08anLVPBBnOjnt\nKxPNZuuVCTOkbJex6MbswXV5nEZejavQav25KlUXEFSzGfCa9vGxXbanbfvgcRdr\nooj7AN/+GjF3DJoBerEy4ysBBzhuw6VeI7xFm3tQwckwj9vlK3rTW/szQB6g1ZgX\nvIuHw4nTXaCOsqqq9o5piAbF+okh8widaS4JM5spDUYPjMxJNLBpUb35Bs1orWZM\nvD6sYb0KiA7I3z3ufARMnQpea5HW7sftKI2rTYeJc9BupNAeFosU4XZEA39jrOTN\nSZzFkvSrMqFIWwIDAQABo4GqMIGnMB8GA1UdIwQYMBaAFK29mHo0tCb3+sQmVO8D\nveAky1QaMB0GA1UdDgQWBBShcl8mGyiYQ5VdBzfVhZadS9LDRTAOBgNVHQ8BAf8E\nBAMCAQYwDwYDVR0TAQH/BAUwAwEB/zBEBgNVHR8EPTA7MDmgN6A1hjNodHRwOi8v\nY3JsLnVzZXJ0cnVzdC5jb20vQWRkVHJ1c3RFeHRlcm5hbENBUm9vdC5jcmwwDQYJ\nKoZIhvcNAQEFBQADggEBADzse+Cuow6WbTDXhcbSaFtFWoKmNA+wyZIjXhFtCBGy\ndAkjOjUlc1heyrl8KPpH7PmgA1hQtlPvjNs55Gfp2MooRtSn4PU4dfjny1y/HRE8\nakCbLURW0/f/BSgyDBXIZEWT6CEkjy3aeoR7T8/NsiV8dxDTlNEEkaglHAkiD31E\nNREU768A/l7qX46w2ZJZuvwTlqAYAVbO2vYoC7Gv3VxPXLLzj1pxz+0YrWOIHY6V\n9+qV5x+tkLiECEeFfyIvGh1IMNZMCNg3GWcyK+tc0LL8blefBDVekAB+EcfeEyrN\npG1FJseIVqDwavfY5/wnfmcI0L36tsNhAgFlubgvz1o=\n-----END CERTIFICATE-----\n'; 'icsi': {'first_seen': '15387'; 'version': '1'; 'validated': '1'; 'times_seen': '1376'; 'last_seen': '16764'}},https://securelist.com/operation-shadowhammer/89992/,ShadowHammer,,3d4b2a4c64317143f50258d7e6fd7d3c021a529e,141.105.71.116,
2008-10-23T00:00:00+00:00,1224712800000,pSSL_IP,IP 141.105.71.116 had an SSL certificate a9f79883a075ce82d20d274d1368e876140d33b3 issued not before 2008-10-23T00:00:00+00:00 {'info': {'extension': {'subjectKeyIdentifier': 'B6:A8:FF:A2:A8:2F:D0:A6:CD:4B:B1:68:F3:E7:50:10:31:A7:79:21'; 'authorityKeyIdentifier': 'keyid:A1:72:5F:26:1B:28:98:43:95:5D:07:37:D5:85:96:9D:4B:D2:C3:45\n'; 'crlDistributionPoints': '\nFull Name:\n  URI:http://crl.usertrust.com/UTN-USERFirst-Hardware.crl\n'; 'keyUsage': 'Certificate Sign; CRL Sign'; 'certificatePolicies': 'Policy: 1.3.6.1.4.1.6449.1.2.2.26\n'; 'authorityInfoAccess': 'CA Issuers - URI:http://crt.usertrust.com/UTNAddTrustServer_CA.crt\nOCSP - URI:http://ocsp.usertrust.com\n'; 'basicConstraints': 'CA:TRUE; pathlen:0'}; 'not_after': datetime.datetime(2020; 5; 30; 10; 48; 38; tzinfo=tzutc()); 'keylength': 2048; 'key': '-----BEGIN PUBLIC KEY-----\nMIIBIjANBgkqhkiG9w0BAQEFAAOCAQ8AMIIBCgKCAQEAtlQ9pdsNInhQalojiT+X\nodQHGqlYCJugFcMytrfx6Lmlb6039m5xG7R1LUhen8YVqoHv5cSIlYo6bHfMtc1l\n5Gflc8lQUpTBJ0k+oGtBFkG2lJlBrj7L4gZGCelNvslMVakYfqbfbv1KssxsTtnI\nUBWTs/Lp48JqrTrV+8N5UJ8leSmyR2R8ID7iCE2TKRS2NG7PcUZ+dhD0/WyqAdLC\nBt6Sg8xYkC6S3h5lt2MvPbLrcIxM4L4Vnd7BTVb4C8aOB7ld35Xwe0AfGizXnCtL\ndvRZ9UPBLGYQnp5mlmCdHHQbThhcCLBubMppGgLpu8p472Yu4zL9QVyVdIFN9Nr+\nSwIDAQAB\n-----END PUBLIC KEY-----\n'; 'fingerprint': 'A9F79883A075CE82D20D274D1368E876140D33B3'; 'issuer': 'C=US; ST=UT; L=Salt Lake City; O=The USERTRUST Network; OU=http://www.usertrust.com; CN=UTN-USERFirst-Hardware'; 'not_before': datetime.datetime(2008; 10; 23; 0; 0; tzinfo=tzutc()); 'subject': 'C=FR; O=GANDI SAS; CN=Gandi Standard SSL CA'}; 'pem': '-----BEGIN CERTIFICATE-----\nMIIEozCCA4ugAwIBAgIQWrYdrB5NogYUx1U9Pamy3DANBgkqhkiG9w0BAQUFADCB\nlzELMAkGA1UEBhMCVVMxCzAJBgNVBAgTAlVUMRcwFQYDVQQHEw5TYWx0IExha2Ug\nQ2l0eTEeMBwGA1UEChMVVGhlIFVTRVJUUlVTVCBOZXR3b3JrMSEwHwYDVQQLExho\ndHRwOi8vd3d3LnVzZXJ0cnVzdC5jb20xHzAdBgNVBAMTFlVUTi1VU0VSRmlyc3Qt\nSGFyZHdhcmUwHhcNMDgxMDIzMDAwMDAwWhcNMjAwNTMwMTA0ODM4WjBBMQswCQYD\nVQQGEwJGUjESMBAGA1UEChMJR0FOREkgU0FTMR4wHAYDVQQDExVHYW5kaSBTdGFu\nZGFyZCBTU0wgQ0EwggEiMA0GCSqGSIb3DQEBAQUAA4IBDwAwggEKAoIBAQC2VD2l\n2w0ieFBqWiOJP5eh1AcaqVgIm6AVwzK2t/HouaVvrTf2bnEbtHUtSF6fxhWqge/l\nxIiVijpsd8y1zWXkZ+VzyVBSlMEnST6ga0EWQbaUmUGuPsviBkYJ6U2+yUxVqRh+\npt9u/UqyzGxO2chQFZOz8unjwmqtOtX7w3lQnyV5KbJHZHwgPuIITZMpFLY0bs9x\nRn52EPT9bKoB0sIG3pKDzFiQLpLeHmW3Yy89sutwjEzgvhWd3sFNVvgLxo4HuV3f\nlfB7QB8aLNecK0t29Fn1Q8EsZhCenmaWYJ0cdBtOGFwIsG5symkaAum7ynjvZi7j\nMv1BXJV0gU302v5LAgMBAAGjggE+MIIBOjAfBgNVHSMEGDAWgBShcl8mGyiYQ5Vd\nBzfVhZadS9LDRTAdBgNVHQ4EFgQUtqj/oqgv0KbNS7Fo8+dQEDGneSEwDgYDVR0P\nAQH/BAQDAgEGMBIGA1UdEwEB/wQIMAYBAf8CAQAwGAYDVR0gBBEwDzANBgsrBgEE\nAbIxAQICGjBEBgNVHR8EPTA7MDmgN6A1hjNodHRwOi8vY3JsLnVzZXJ0cnVzdC5j\nb20vVVROLVVTRVJGaXJzdC1IYXJkd2FyZS5jcmwwdAYIKwYBBQUHAQEEaDBmMD0G\nCCsGAQUFBzAChjFodHRwOi8vY3J0LnVzZXJ0cnVzdC5jb20vVVROQWRkVHJ1c3RT\nZXJ2ZXJfQ0EuY3J0MCUGCCsGAQUFBzABhhlodHRwOi8vb2NzcC51c2VydHJ1c3Qu\nY29tMA0GCSqGSIb3DQEBBQUAA4IBAQAZU78DPZvia1r9ukkfT+zhxoI5PNIDBA+r\nez6CqYUQH/TeMq9YP/9w8zAdly1MmuLsDD4ULS+YSJ2uFmqsLUKqtWSkcLvrc5R7\nRkznehR2W0wdhKEgdB8uS1xwiNy99xk97VkN4j8m4pyspDyVHPi+jAOu8OWcTbzH\nm1gAv6+t+jducW0YNA7B6mr4Dd9pVFYV8iiz/qRj7MUEZGC7/irw9IehsK69quQv\n4wMLL2ZfhaQye0btJQzn8bfnGf1gul+Hd96YB5bkXupjfajeVdphXDyQg0MEBzzd\n8/ifBlIK3se2e4/hEfcEejX/arxbx1BJCHBvlEPNnsdw8dvQbdqP\n-----END CERTIFICATE-----\n'; 'icsi': {'first_seen': '15390'; 'version': '1'; 'validated': '1'; 'times_seen': '1372'; 'last_seen': '16764'}},https://securelist.com/operation-shadowhammer/89992/,ShadowHammer,,a9f79883a075ce82d20d274d1368e876140d33b3,141.105.71.116,
2005-06-07T08:09:10+00:00,1118124550000,pSSL_IP,IP 141.105.71.116 had an SSL certificate 3d4b2a4c64317143f50258d7e6fd7d3c021a529e issued not before 2005-06-07T08:09:10+00:00 {'info': {'extension': {'subjectKeyIdentifier': 'A1:72:5F:26:1B:28:98:43:95:5D:07:37:D5:85:96:9D:4B:D2:C3:45'; 'crlDistributionPoints': '\nFull Name:\n  URI:http://crl.usertrust.com/AddTrustExternalCARoot.crl\n'; 'keyUsage': 'Certificate Sign; CRL Sign'; 'authorityKeyIdentifier': 'keyid:AD:BD:98:7A:34:B4:26:F7:FA:C4:26:54:EF:03:BD:E0:24:CB:54:1A\n'; 'basicConstraints': 'CA:TRUE'}; 'not_after': datetime.datetime(2020; 5; 30; 10; 48; 38; tzinfo=tzutc()); 'keylength': 2048; 'key': '-----BEGIN PUBLIC KEY-----\nMIIBIjANBgkqhkiG9w0BAQEFAAOCAQ8AMIIBCgKCAQEAsffDOD+0qH/POYJRZ9Bt\nn9L/WPPnnyvsDYlUmbk4mRb34CF5SMK7YXQSlh08anLVPBBnOjntKxPNZuuVCTOk\nbJex6MbswXV5nEZejavQav25KlUXEFSzGfCa9vGxXbanbfvgcRdrooj7AN/+GjF3\nDJoBerEy4ysBBzhuw6VeI7xFm3tQwckwj9vlK3rTW/szQB6g1ZgXvIuHw4nTXaCO\nsqqq9o5piAbF+okh8widaS4JM5spDUYPjMxJNLBpUb35Bs1orWZMvD6sYb0KiA7I\n3z3ufARMnQpea5HW7sftKI2rTYeJc9BupNAeFosU4XZEA39jrOTNSZzFkvSrMqFI\nWwIDAQAB\n-----END PUBLIC KEY-----\n'; 'fingerprint': '3D4B2A4C64317143F50258D7E6FD7D3C021A529E'; 'issuer': 'C=SE; O=AddTrust AB; OU=AddTrust External TTP Network; CN=AddTrust External CA Root'; 'not_before': datetime.datetime(2005; 6; 7; 8; 9; 10; tzinfo=tzutc()); 'subject': 'C=US; ST=UT; L=Salt Lake City; O=The USERTRUST Network; OU=http://www.usertrust.com; CN=UTN-USERFirst-Hardware'}; 'pem': '-----BEGIN CERTIFICATE-----\nMIIEPDCCAySgAwIBAgIQSEus8arH1xND0aJ0NUmXJTANBgkqhkiG9w0BAQUFADBv\nMQswCQYDVQQGEwJTRTEUMBIGA1UEChMLQWRkVHJ1c3QgQUIxJjAkBgNVBAsTHUFk\nZFRydXN0IEV4dGVybmFsIFRUUCBOZXR3b3JrMSIwIAYDVQQDExlBZGRUcnVzdCBF\neHRlcm5hbCBDQSBSb290MB4XDTA1MDYwNzA4MDkxMFoXDTIwMDUzMDEwNDgzOFow\ngZcxCzAJBgNVBAYTAlVTMQswCQYDVQQIEwJVVDEXMBUGA1UEBxMOU2FsdCBMYWtl\nIENpdHkxHjAcBgNVBAoTFVRoZSBVU0VSVFJVU1QgTmV0d29yazEhMB8GA1UECxMY\naHR0cDovL3d3dy51c2VydHJ1c3QuY29tMR8wHQYDVQQDExZVVE4tVVNFUkZpcnN0\nLUhhcmR3YXJlMIIBIjANBgkqhkiG9w0BAQEFAAOCAQ8AMIIBCgKCAQEAsffDOD+0\nqH/POYJRZ9Btn9L/WPPnnyvsDYlUmbk4mRb34CF5SMK7YXQSlh08anLVPBBnOjnt\nKxPNZuuVCTOkbJex6MbswXV5nEZejavQav25KlUXEFSzGfCa9vGxXbanbfvgcRdr\nooj7AN/+GjF3DJoBerEy4ysBBzhuw6VeI7xFm3tQwckwj9vlK3rTW/szQB6g1ZgX\nvIuHw4nTXaCOsqqq9o5piAbF+okh8widaS4JM5spDUYPjMxJNLBpUb35Bs1orWZM\nvD6sYb0KiA7I3z3ufARMnQpea5HW7sftKI2rTYeJc9BupNAeFosU4XZEA39jrOTN\nSZzFkvSrMqFIWwIDAQABo4GqMIGnMB8GA1UdIwQYMBaAFK29mHo0tCb3+sQmVO8D\nveAky1QaMB0GA1UdDgQWBBShcl8mGyiYQ5VdBzfVhZadS9LDRTAOBgNVHQ8BAf8E\nBAMCAQYwDwYDVR0TAQH/BAUwAwEB/zBEBgNVHR8EPTA7MDmgN6A1hjNodHRwOi8v\nY3JsLnVzZXJ0cnVzdC5jb20vQWRkVHJ1c3RFeHRlcm5hbENBUm9vdC5jcmwwDQYJ\nKoZIhvcNAQEFBQADggEBADzse+Cuow6WbTDXhcbSaFtFWoKmNA+wyZIjXhFtCBGy\ndAkjOjUlc1heyrl8KPpH7PmgA1hQtlPvjNs55Gfp2MooRtSn4PU4dfjny1y/HRE8\nakCbLURW0/f/BSgyDBXIZEWT6CEkjy3aeoR7T8/NsiV8dxDTlNEEkaglHAkiD31E\nNREU768A/l7qX46w2ZJZuvwTlqAYAVbO2vYoC7Gv3VxPXLLzj1pxz+0YrWOIHY6V\n9+qV5x+tkLiECEeFfyIvGh1IMNZMCNg3GWcyK+tc0LL8blefBDVekAB+EcfeEyrN\npG1FJseIVqDwavfY5/wnfmcI0L36tsNhAgFlubgvz1o=\n-----END CERTIFICATE-----\n'; 'icsi': {'first_seen': '15387'; 'version': '1'; 'validated': '1'; 'times_seen': '1376'; 'last_seen': '16764'}},https://securelist.com/operation-shadowhammer/89992/,ShadowHammer,,3d4b2a4c64317143f50258d7e6fd7d3c021a529e,141.105.71.116,
2000-05-30T10:48:38+00:00,959676518000,pSSL_IP,IP 141.105.71.116 had an SSL certificate eab040689a0d805b5d6fd654fc168cff00b78be3 issued not before 2000-05-30T10:48:38+00:00 {'info': {'extension': {'subjectKeyIdentifier': '53:79:BF:5A:AA:2B:4A:CF:54:80:E1:D8:9B:C0:9D:F2:B2:03:66:CB'; 'authorityKeyIdentifier': 'keyid:AD:BD:98:7A:34:B4:26:F7:FA:C4:26:54:EF:03:BD:E0:24:CB:54:1A\n'; 'crlDistributionPoints': '\nFull Name:\n  URI:http://crl.usertrust.com/AddTrustExternalCARoot.crl\n'; 'keyUsage': 'Digital Signature; Certificate Sign; CRL Sign'; 'certificatePolicies': 'Policy: X509v3 Any Policy\n'; 'authorityInfoAccess': 'OCSP - URI:http://ocsp.usertrust.com\n'; 'basicConstraints': 'CA:TRUE'}; 'not_after': datetime.datetime(2020; 5; 30; 10; 48; 38; tzinfo=tzutc()); 'keylength': 4096; 'key': '-----BEGIN PUBLIC KEY-----\nMIICIjANBgkqhkiG9w0BAQEFAAOCAg8AMIICCgKCAgEAgBJlFzYOw9sIs9CsVw12\n7c0n00ytUINh4qogTQktZAnczomfzD2p7PbPwdzx07HWezcoEStH2jnGvDoZtF+m\nvX2do2NCtnbyqTsrkfjib9DsFiCQCT7i6HTJGLSR1GJk23+jBvGIGGqQIjy8/hPw\nhxR79uQfjtTkUcYRZ0YIUcuGFFQ/vDP+fmyc/xadGL1RjjWmp2bIcmfbIWax1Jt4\nA8BQOujM8Ny8nkz+rwWWNR9XWrf/zvk9tyy29lTdyOcSOk2uTIq3XJq0tyA9yn8i\nNK5+O2hmAUTnAU5GU5szYPeUvlM3kHND8zLDU+/bqv50TmnHa4xgk97Exwzf4TKu\nzJM7UXiVZ4vuPVb+DNBpDxsP8yUmazNt925H+nND5X4OpWaxKXwyhGNVicQNwZNU\nMBkTrNN9N6frXTpsNVzbQdcS2qlJC9/YgIoJk2KOtWbPJYjNhLixP6Q5D9kCnusS\nTJV882sFqV4Wg8y4Z+LoE53MW4LTTLPtW//e5XOsIzstAL81VXQJSdhJWBp/kjbm\nUZIO8yZ9HE0XvMnsQybQv0FfQKlERPSZ51eHnlAfV1SoPv10Yy+xUGUJ5lhCLkMa\nTLTwJUdZ+gQek9QmRkpQgbLevni3/GcV4clXhB4PY9bpYrrWX1Uu6lzGKAgEJTm4\nDiup8kyXHAc/DVL17e8vgg8CAwEAAQ==\n-----END PUBLIC KEY-----\n'; 'fingerprint': 'EAB040689A0D805B5D6FD654FC168CFF00B78BE3'; 'issuer': 'C=SE; O=AddTrust AB; OU=AddTrust External TTP Network; CN=AddTrust External CA Root'; 'not_before': datetime.datetime(2000; 5; 30; 10; 48; 38; tzinfo=tzutc()); 'subject': 'C=US; ST=New Jersey; L=Jersey City; O=The USERTRUST Network; CN=USERTrust RSA Certification Authority'}; 'pem': '-----BEGIN CERTIFICATE-----\nMIIFdzCCBF+gAwIBAgIQE+oocFv07O0MNmMJgGFDNjANBgkqhkiG9w0BAQwFADBv\nMQswCQYDVQQGEwJTRTEUMBIGA1UEChMLQWRkVHJ1c3QgQUIxJjAkBgNVBAsTHUFk\nZFRydXN0IEV4dGVybmFsIFRUUCBOZXR3b3JrMSIwIAYDVQQDExlBZGRUcnVzdCBF\neHRlcm5hbCBDQSBSb290MB4XDTAwMDUzMDEwNDgzOFoXDTIwMDUzMDEwNDgzOFow\ngYgxCzAJBgNVBAYTAlVTMRMwEQYDVQQIEwpOZXcgSmVyc2V5MRQwEgYDVQQHEwtK\nZXJzZXkgQ2l0eTEeMBwGA1UEChMVVGhlIFVTRVJUUlVTVCBOZXR3b3JrMS4wLAYD\nVQQDEyVVU0VSVHJ1c3QgUlNBIENlcnRpZmljYXRpb24gQXV0aG9yaXR5MIICIjAN\nBgkqhkiG9w0BAQEFAAOCAg8AMIICCgKCAgEAgBJlFzYOw9sIs9CsVw127c0n00yt\nUINh4qogTQktZAnczomfzD2p7PbPwdzx07HWezcoEStH2jnGvDoZtF+mvX2do2NC\ntnbyqTsrkfjib9DsFiCQCT7i6HTJGLSR1GJk23+jBvGIGGqQIjy8/hPwhxR79uQf\njtTkUcYRZ0YIUcuGFFQ/vDP+fmyc/xadGL1RjjWmp2bIcmfbIWax1Jt4A8BQOujM\n8Ny8nkz+rwWWNR9XWrf/zvk9tyy29lTdyOcSOk2uTIq3XJq0tyA9yn8iNK5+O2hm\nAUTnAU5GU5szYPeUvlM3kHND8zLDU+/bqv50TmnHa4xgk97Exwzf4TKuzJM7UXiV\nZ4vuPVb+DNBpDxsP8yUmazNt925H+nND5X4OpWaxKXwyhGNVicQNwZNUMBkTrNN9\nN6frXTpsNVzbQdcS2qlJC9/YgIoJk2KOtWbPJYjNhLixP6Q5D9kCnusSTJV882sF\nqV4Wg8y4Z+LoE53MW4LTTLPtW//e5XOsIzstAL81VXQJSdhJWBp/kjbmUZIO8yZ9\nHE0XvMnsQybQv0FfQKlERPSZ51eHnlAfV1SoPv10Yy+xUGUJ5lhCLkMaTLTwJUdZ\n+gQek9QmRkpQgbLevni3/GcV4clXhB4PY9bpYrrWX1Uu6lzGKAgEJTm4Diup8kyX\nHAc/DVL17e8vgg8CAwEAAaOB9DCB8TAfBgNVHSMEGDAWgBStvZh6NLQm9/rEJlTv\nA73gJMtUGjAdBgNVHQ4EFgQUU3m/WqorSs9UgOHYm8Cd8rIDZsswDgYDVR0PAQH/\nBAQDAgGGMA8GA1UdEwEB/wQFMAMBAf8wEQYDVR0gBAowCDAGBgRVHSAAMEQGA1Ud\nHwQ9MDswOaA3oDWGM2h0dHA6Ly9jcmwudXNlcnRydXN0LmNvbS9BZGRUcnVzdEV4\ndGVybmFsQ0FSb290LmNybDA1BggrBgEFBQcBAQQpMCcwJQYIKwYBBQUHMAGGGWh0\ndHA6Ly9vY3NwLnVzZXJ0cnVzdC5jb20wDQYJKoZIhvcNAQEMBQADggEBAJNl9jeD\nlQ9ew4IcH9Z35zyKwKoJ8OkLJvHgwmp1ocd5yblSYMgpEg7wrQPWCcR23+WmgZWn\nRtqCV6mVksW2jwMibDN3wXsyF24HzloUQToFJBv2FAY7qCUkDrvMKnXduXBBP3zQ\nYzYhBx9G/2CkkeFnvN4ffhkUyWNnkepnB2u0j4vAbkN9w6GAbLIevFOFfdyQoaS8\nLe9Gclc1Bb+7RrtubTeZtv8jkpHGbkD4jylW6l/VXxRTrPBPYer3IsynVgviuDQf\nJtl7GQVoP7o81DgGotPmjw7jtHFtQELFhLRAlSv0ZaBIefYdgWOWnU914Ph85I6p\n0fKtirOMxyHNwu8=\n-----END CERTIFICATE-----\n'; 'icsi': {'first_seen': '16317'; 'version': '1'; 'validated': '1'; 'times_seen': '434'; 'last_seen': '16764'}},https://securelist.com/operation-shadowhammer/89992/,ShadowHammer,,eab040689a0d805b5d6fd654fc168cff00b78be3,141.105.71.116,
2019-03-26T01:51:09+0000,1553565069000,VT_First_submission,Shellcode of the malware was uploaded to VT,https://securelist.com/operation-shadowhammer/89992/,ShadowHammer,https://twitter.com/FraMauronz/status/1110242653088698369,38b1eef05500d1575a36a4f9a526dcbe,,