datetime,timestamp,timestamp_desc,message,report,attribution,source,md5,ip,domain,filename
2013-05-21T00:00:00+00:00,1369094400000,VT_Domain_to_ip,Domain jejuseongahn.org was resolving to 61.100.181.242,https://threatrecon.nshc.net/2019/01/30/operation-kitty-phishing/,kitty-phishing,https://www.virustotal.com/gui/domain/jejuseongahn.org/details,,61.100.181.242,jejuseongahn.org,
2014-08-27T14:40:54+0000,1409150454000,VT_Debug_Artifactes,"VT 9c3396aa94083916227201bf1396a2ca C://Users//Test//Desktop//TF // -, .hwp .exe The attacker inserts a lot of spaces in the filename to make the extension of the executable file such as “.exe” or “.scr” to be hidden from the user and misleads them into thinking the executable files are normal document files. The files used in the actual attack are as follows.",https://threatrecon.nshc.net/2019/01/30/operation-kitty-phishing/,kitty-phishing,https://www.virustotal.com/#/file/c6c332ae1ccb580ac621d3cf667ce9c017be41f8ad04a94c0c0ea37c4789dd14/details,9c3396aa94083916227201bf1396a2ca,,,"C://Users//Test//Desktop//TF // -, .hwp .exe"
2014-08-27T16:40:54+0000,1409157654000,VT_Create_date,"VT 9c3396aa94083916227201bf1396a2ca C://Users//Test//Desktop//TF // -, .hwp .exe The attacker inserts a lot of spaces in the filename to make the extension of the executable file such as “.exe” or “.scr” to be hidden from the user and misleads them into thinking the executable files are normal document files. The files used in the actual attack are as follows.",https://threatrecon.nshc.net/2019/01/30/operation-kitty-phishing/,kitty-phishing,https://www.virustotal.com/#/file/c6c332ae1ccb580ac621d3cf667ce9c017be41f8ad04a94c0c0ea37c4789dd14/details,9c3396aa94083916227201bf1396a2ca,,,"C://Users//Test//Desktop//TF // -, .hwp .exe"
2014-11-21T00:00:00+00:00,1416528000000,VT_Domain_to_ip,Domain jejuseongahn.org was resolving to 1.234.82.58,https://threatrecon.nshc.net/2019/01/30/operation-kitty-phishing/,kitty-phishing,https://www.virustotal.com/gui/domain/jejuseongahn.org/details,,1.234.82.58,jejuseongahn.org,
2016-05-23T04:44:29+0000,1463978669000,VT_Debug_Artifactes,VT b417238213efb0d2a23562674406cdf9 nircmd.txt,https://threatrecon.nshc.net/2019/01/30/operation-kitty-phishing/,kitty-phishing,https://www.virustotal.com/#/file/5bfa034f7555a38e64c078af71b4ff8c49511579fa826a87661940b7e9a6e333/details,b417238213efb0d2a23562674406cdf9,,,nircmd.txt
2016-05-23T06:44:29+0000,1463985869000,VT_Create_date,VT b417238213efb0d2a23562674406cdf9 nircmd.txt,https://threatrecon.nshc.net/2019/01/30/operation-kitty-phishing/,kitty-phishing,https://www.virustotal.com/#/file/5bfa034f7555a38e64c078af71b4ff8c49511579fa826a87661940b7e9a6e333/details,b417238213efb0d2a23562674406cdf9,,,nircmd.txt
2016-05-23T15:02:02+0000,1464015722000,VT_First_Submission,VT b417238213efb0d2a23562674406cdf9 nircmd.txt,https://threatrecon.nshc.net/2019/01/30/operation-kitty-phishing/,kitty-phishing,https://www.virustotal.com/#/file/5bfa034f7555a38e64c078af71b4ff8c49511579fa826a87661940b7e9a6e333/details,b417238213efb0d2a23562674406cdf9,,,nircmd.txt
2017-02-19T00:00:00+00:00,1487462400000,VT_Domain_to_ip,Domain jejuseongahn.org was resolving to 211.110.44.47,https://threatrecon.nshc.net/2019/01/30/operation-kitty-phishing/,kitty-phishing,https://www.virustotal.com/gui/domain/jejuseongahn.org/details,,211.110.44.47,jejuseongahn.org,
2017-06-02T01:09:19+0000,1496365759000,VT_Create_date,VT 750924d47a75cc3310a4fea02c94a1ea ,https://threatrecon.nshc.net/2019/01/30/operation-kitty-phishing/,kitty-phishing,https://www.virustotal.com/#/file/f070768ba2d0091b66e2a15726e77165f64ec976e9930425009da79c7aa081ac/details,750924d47a75cc3310a4fea02c94a1ea,,,
2017-06-09T02:14:01+0000,1496974441000,VT_First_Submission,VT 750924d47a75cc3310a4fea02c94a1ea ,https://threatrecon.nshc.net/2019/01/30/operation-kitty-phishing/,kitty-phishing,https://www.virustotal.com/#/file/f070768ba2d0091b66e2a15726e77165f64ec976e9930425009da79c7aa081ac/details,750924d47a75cc3310a4fea02c94a1ea,,,
2017-07-15T00:23:06+0000,1500078186000,VT_Debug_Artifactes,VT 06a3182c09badffbc1eb3e03cb985bcb twain.dll,https://threatrecon.nshc.net/2019/01/30/operation-kitty-phishing/,kitty-phishing,https://www.virustotal.com/#/file/8573d9008cca956a8f8b9a46ed7880b471435327e8e0ea42b2e143b410a99d7b/details,06a3182c09badffbc1eb3e03cb985bcb,,,twain.dll
2017-07-15T02:23:06+0000,1500085386000,VT_Create_date,VT 06a3182c09badffbc1eb3e03cb985bcb twain.dll,https://threatrecon.nshc.net/2019/01/30/operation-kitty-phishing/,kitty-phishing,https://www.virustotal.com/#/file/8573d9008cca956a8f8b9a46ed7880b471435327e8e0ea42b2e143b410a99d7b/details,06a3182c09badffbc1eb3e03cb985bcb,,,twain.dll
2017-07-17T08:11:04+0000,1500279064000,VT_First_seen_itw,VT 06a3182c09badffbc1eb3e03cb985bcb twain.dll,https://threatrecon.nshc.net/2019/01/30/operation-kitty-phishing/,kitty-phishing,https://www.virustotal.com/#/file/8573d9008cca956a8f8b9a46ed7880b471435327e8e0ea42b2e143b410a99d7b/details,06a3182c09badffbc1eb3e03cb985bcb,,,twain.dll
2017-07-17T08:53:10+0000,1500281590000,VT_First_Submission,VT 06a3182c09badffbc1eb3e03cb985bcb twain.dll,https://threatrecon.nshc.net/2019/01/30/operation-kitty-phishing/,kitty-phishing,https://www.virustotal.com/#/file/8573d9008cca956a8f8b9a46ed7880b471435327e8e0ea42b2e143b410a99d7b/details,06a3182c09badffbc1eb3e03cb985bcb,,,twain.dll
2018-01-10T11:41:04+0000,1515584464000,VT_Create_date,VT 7d7e34aaaa5dbc470c6bf9302b348524 ,https://threatrecon.nshc.net/2019/01/30/operation-kitty-phishing/,kitty-phishing,https://www.virustotal.com/#/file/9481b2f26f6c8a8fa6dc509f925e6da95606a5fb190c3153646357b04464505f/details,7d7e34aaaa5dbc470c6bf9302b348524,,,
2018-01-18T04:13:58+00:00,1516248838000,VT_Domain_to_ip,Domain kuku675.site11.com was resolving to 145.14.144.77,https://threatrecon.nshc.net/2019/01/30/operation-kitty-phishing/,kitty-phishing,https://www.virustotal.com/gui/domain/kuku675.site11.com/details,,145.14.144.77,kuku675.site11.com,
2018-01-18T04:14:25+00:00,1516248865000,VT_Domain_to_ip,Domain kuku675.site11.com was resolving to 145.14.145.54,https://threatrecon.nshc.net/2019/01/30/operation-kitty-phishing/,kitty-phishing,https://www.virustotal.com/gui/domain/kuku675.site11.com/details,,145.14.145.54,kuku675.site11.com,
2018-01-24T00:00:00+00:00,1516752000000,VT_Domain_to_ip,Domain kuku675.site11.com was resolving to 145.14.144.94,https://threatrecon.nshc.net/2019/01/30/operation-kitty-phishing/,kitty-phishing,https://www.virustotal.com/gui/domain/kuku675.site11.com/details,,145.14.144.94,kuku675.site11.com,
2018-01-25T00:00:00+00:00,1516838400000,VT_Domain_to_ip,Domain kuku675.site11.com was resolving to 145.14.144.253,https://threatrecon.nshc.net/2019/01/30/operation-kitty-phishing/,kitty-phishing,https://www.virustotal.com/gui/domain/kuku675.site11.com/details,,145.14.144.253,kuku675.site11.com,
2018-01-25T07:02:50+00:00,1516863770000,VT_Domain_to_ip,Domain kuku79.herobo.com was resolving to 145.14.145.94,https://threatrecon.nshc.net/2019/01/30/operation-kitty-phishing/,kitty-phishing,https://www.virustotal.com/gui/domain/kuku79.herobo.com/details,,145.14.145.94,kuku79.herobo.com,
2018-05-08T04:57:45+00:00,1525755465000,VT_Domain_to_ip,Domain nid-naver.hol.es was resolving to 185.224.138.29,https://threatrecon.nshc.net/2019/01/30/operation-kitty-phishing/,kitty-phishing,https://www.virustotal.com/gui/domain/nid-naver.hol.es/details,,185.224.138.29,nid-naver.hol.es,
2018-05-20T00:47:58+0000,1526777278000,VT_Create_date,VT 4de21c3af64b3b605446278de92dfff4 core.dll.DROPPED,https://threatrecon.nshc.net/2019/01/30/operation-kitty-phishing/,kitty-phishing,https://www.virustotal.com/#/file/74d6b81565aeb95ee9df37ef7738d10baa9866261fb894d9ee9d67fc7c66badc/details,4de21c3af64b3b605446278de92dfff4,,,core.dll.DROPPED
2018-05-23T00:52:17+0000,1527036737000,VT_First_Submission,"VT 8332be776617364c16868c1ad6b4efe7 D:\분석\종전선언.hwp Using vulnerabilities in the HWP software which is widely used in Korea, malware can be executed when the target user views this document which was attached to the email. The HWP file used in the actual attack is as follows.",https://threatrecon.nshc.net/2019/01/30/operation-kitty-phishing/,kitty-phishing,https://www.virustotal.com/#/file/5f2ac8672e19310bd532c47d209272bd75075696dea6ffcc47d1d37f18aff141/details,8332be776617364c16868c1ad6b4efe7,,,D:\분석\종전선언.hwp
2018-05-25T05:01:56+0000,1527224516000,VT_First_Submission,VT 4de21c3af64b3b605446278de92dfff4 core.dll.DROPPED,https://threatrecon.nshc.net/2019/01/30/operation-kitty-phishing/,kitty-phishing,https://www.virustotal.com/#/file/74d6b81565aeb95ee9df37ef7738d10baa9866261fb894d9ee9d67fc7c66badc/details,4de21c3af64b3b605446278de92dfff4,,,core.dll.DROPPED
2018-06-08T00:58:22+0000,1528419502000,VT_First_Submission,"VT f22db1e3ea74af791e34ad5aa0297664 %APPDATA%\roaming\microsoft\windows\start menu\programs\startup\fontchk.jse
",https://threatrecon.nshc.net/2019/01/30/operation-kitty-phishing/,kitty-phishing,https://www.virustotal.com/#/file/95f1a84103f789d1ae749a3f8a384a29b39d6766e8a13d450b6553c39aba4fd7/details,f22db1e3ea74af791e34ad5aa0297664,,,"%APPDATA%\roaming\microsoft\windows\start menu\programs\startup\fontchk.jse
"
2018-07-12T00:13:38+00:00,1531354418000,VT_Domain_to_ip,Domain suppcrt-seourity.esy.es was resolving to 185.224.138.33,https://threatrecon.nshc.net/2019/01/30/operation-kitty-phishing/,kitty-phishing,https://www.virustotal.com/gui/domain/suppcrt-seourity.esy.es/details,,185.224.138.33,suppcrt-seourity.esy.es,
2018-07-17T10:29:11+0000,1531823351000,VT_Debug_Artifactes,VT 87e00dede257d234d2558ed2ae0d7ec2 C:\Users\hi7763\AppData\Local\svchow.dll,https://threatrecon.nshc.net/2019/01/30/operation-kitty-phishing/,kitty-phishing,https://www.virustotal.com/#/file/b4bd3c50a5d7a7102a7e723f4b742f556a1ab93e3f5d4a36567a651109c4dfd9/details,87e00dede257d234d2558ed2ae0d7ec2,,,C:\Users\hi7763\AppData\Local\svchow.dll
2018-07-17T12:29:11+0000,1531830551000,VT_Create_date,VT 87e00dede257d234d2558ed2ae0d7ec2 C:\Users\hi7763\AppData\Local\svchow.dll,https://threatrecon.nshc.net/2019/01/30/operation-kitty-phishing/,kitty-phishing,https://www.virustotal.com/#/file/b4bd3c50a5d7a7102a7e723f4b742f556a1ab93e3f5d4a36567a651109c4dfd9/details,87e00dede257d234d2558ed2ae0d7ec2,,,C:\Users\hi7763\AppData\Local\svchow.dll
2018-07-18T02:23:47+0000,1531880627000,VT_First_Submission,"VT 8f9bd7a47728546405d90c00c2d6b050 ""=?UTF-8?B?6rO17KeA7IKs7ZWtLnBuZy52YnM=?=""",https://threatrecon.nshc.net/2019/01/30/operation-kitty-phishing/,kitty-phishing,https://www.virustotal.com/#/file/c87f4aeebd3f518ba30780cb9b8b55416dcdc5a38c3080d71d193428b0c1cc5a/details,8f9bd7a47728546405d90c00c2d6b050,,,"""=?UTF-8?B?6rO17KeA7IKs7ZWtLnBuZy52YnM=?="""
2018-07-18T02:23:47+0000,1531880627000,VT_First_Submission,VT 8f9bd7a47728546405d90c00c2d6b050 ,https://threatrecon.nshc.net/2019/01/30/operation-kitty-phishing/,kitty-phishing,https://www.virustotal.com/#/file/c87f4aeebd3f518ba30780cb9b8b55416dcdc5a38c3080d71d193428b0c1cc5a/details,8f9bd7a47728546405d90c00c2d6b050,,,
2018-07-21T16:17:59+0000,1532189879000,VT_First_Submission,VT 87e00dede257d234d2558ed2ae0d7ec2 C:\Users\hi7763\AppData\Local\svchow.dll,https://threatrecon.nshc.net/2019/01/30/operation-kitty-phishing/,kitty-phishing,https://www.virustotal.com/#/file/b4bd3c50a5d7a7102a7e723f4b742f556a1ab93e3f5d4a36567a651109c4dfd9/details,87e00dede257d234d2558ed2ae0d7ec2,,,C:\Users\hi7763\AppData\Local\svchow.dll
2018-07-26T10:41:20+0000,1532601680000,VT_First_Submission,VT 7d7e34aaaa5dbc470c6bf9302b348524 ,https://threatrecon.nshc.net/2019/01/30/operation-kitty-phishing/,kitty-phishing,https://www.virustotal.com/#/file/9481b2f26f6c8a8fa6dc509f925e6da95606a5fb190c3153646357b04464505f/details,7d7e34aaaa5dbc470c6bf9302b348524,,,
2018-07-26T13:50:38+00:00,1532613038000,VT_Domain_to_ip,Domain kuku675.site11.com was resolving to 145.14.144.197,https://threatrecon.nshc.net/2019/01/30/operation-kitty-phishing/,kitty-phishing,https://www.virustotal.com/gui/domain/kuku675.site11.com/details,,145.14.144.197,kuku675.site11.com,
2018-07-26T13:50:39+00:00,1532613039000,VT_Domain_to_ip,Domain kuku675.site11.com was resolving to 145.14.145.152,https://threatrecon.nshc.net/2019/01/30/operation-kitty-phishing/,kitty-phishing,https://www.virustotal.com/gui/domain/kuku675.site11.com/details,,145.14.145.152,kuku675.site11.com,
2018-07-27T17:34:35+00:00,1532712875000,VT_Domain_to_ip,Domain kuku675.site11.com was resolving to 145.14.144.207,https://threatrecon.nshc.net/2019/01/30/operation-kitty-phishing/,kitty-phishing,https://www.virustotal.com/gui/domain/kuku675.site11.com/details,,145.14.144.207,kuku675.site11.com,
2018-07-29T12:36:20+0000,1532867780000,VT_First_Submission,VT c616893e73cfa2a5456deb578725f1e7 ,https://threatrecon.nshc.net/2019/01/30/operation-kitty-phishing/,kitty-phishing,https://www.virustotal.com/#/file/575606c03d3775cd8880c76a3ef7c014cfcab08411a01f07fc3fcb60166be50b/details,c616893e73cfa2a5456deb578725f1e7,,,
2018-07-29T12:55:59+00:00,1532868959000,VT_Domain_to_ip,Domain kuku79.herobo.com was resolving to 145.14.145.217,https://threatrecon.nshc.net/2019/01/30/operation-kitty-phishing/,kitty-phishing,https://www.virustotal.com/gui/domain/kuku79.herobo.com/details,,145.14.145.217,kuku79.herobo.com,
2018-12-25T14:59:13+0000,1545749953000,VT_Debug_Artifactes,VT 71ec829db01818d305552ec4ebb1c258 ,https://threatrecon.nshc.net/2019/01/30/operation-kitty-phishing/,kitty-phishing,https://www.virustotal.com/#/file/d9746224143010adada9989bf6b1014bb10e8165615e1ef6b58fd429cd2aa20a/details,71ec829db01818d305552ec4ebb1c258,,,
2018-12-25T15:59:08+0000,1545753548000,VT_Create_date,VT 9d685308d3125e14287ecb7fbe5fcd37 ,https://threatrecon.nshc.net/2019/01/30/operation-kitty-phishing/,kitty-phishing,https://www.virustotal.com/#/file/71841a1b5ee1b383a9282bf513723b7f1713a0e1ee501db38d64c2db9ba08ec4/details,9d685308d3125e14287ecb7fbe5fcd37,,,
2018-12-25T15:59:13+0000,1545753553000,VT_Create_date,VT 71ec829db01818d305552ec4ebb1c258 ,https://threatrecon.nshc.net/2019/01/30/operation-kitty-phishing/,kitty-phishing,https://www.virustotal.com/#/file/d9746224143010adada9989bf6b1014bb10e8165615e1ef6b58fd429cd2aa20a/details,71ec829db01818d305552ec4ebb1c258,,,
2019-01-07T01:09:52+0000,1546823392000,VT_First_seen_itw,"VT 9c3396aa94083916227201bf1396a2ca C://Users//Test//Desktop//TF // -, .hwp .exe The attacker inserts a lot of spaces in the filename to make the extension of the executable file such as “.exe” or “.scr” to be hidden from the user and misleads them into thinking the executable files are normal document files. The files used in the actual attack are as follows.",https://threatrecon.nshc.net/2019/01/30/operation-kitty-phishing/,kitty-phishing,https://www.virustotal.com/#/file/c6c332ae1ccb580ac621d3cf667ce9c017be41f8ad04a94c0c0ea37c4789dd14/details,9c3396aa94083916227201bf1396a2ca,,,"C://Users//Test//Desktop//TF // -, .hwp .exe"
2019-01-07T01:21:52+0000,1546824112000,VT_First_Submission,"VT 9c3396aa94083916227201bf1396a2ca C://Users//Test//Desktop//TF // -, .hwp .exe The attacker inserts a lot of spaces in the filename to make the extension of the executable file such as “.exe” or “.scr” to be hidden from the user and misleads them into thinking the executable files are normal document files. The files used in the actual attack are as follows.",https://threatrecon.nshc.net/2019/01/30/operation-kitty-phishing/,kitty-phishing,https://www.virustotal.com/#/file/c6c332ae1ccb580ac621d3cf667ce9c017be41f8ad04a94c0c0ea37c4789dd14/details,9c3396aa94083916227201bf1396a2ca,,,"C://Users//Test//Desktop//TF // -, .hwp .exe"
2019-01-07T06:28:29+0000,1546842509000,VT_Debug_Artifactes,VT 242c31d0ce2109fdface788663e90f49 ,https://threatrecon.nshc.net/2019/01/30/operation-kitty-phishing/,kitty-phishing,https://www.virustotal.com/#/file/12ee511259f7f03e8472efa8baf3e250b64f8da65fe71212cedfdac887f503f4/details,242c31d0ce2109fdface788663e90f49,,,
2019-01-07T06:41:09+0000,1546843269000,VT_Debug_Artifactes,VT 6106449779d453be4ae28d89f207e921 ,https://threatrecon.nshc.net/2019/01/30/operation-kitty-phishing/,kitty-phishing,https://www.virustotal.com/#/file/55e69e1337af0d93b5a3742d999bf805177c404e7e60e48f303509592ecd0e29/details,6106449779d453be4ae28d89f207e921,,,
2019-01-07T07:28:29+0000,1546846109000,VT_Create_date,VT 242c31d0ce2109fdface788663e90f49 ,https://threatrecon.nshc.net/2019/01/30/operation-kitty-phishing/,kitty-phishing,https://www.virustotal.com/#/file/12ee511259f7f03e8472efa8baf3e250b64f8da65fe71212cedfdac887f503f4/details,242c31d0ce2109fdface788663e90f49,,,
2019-01-07T07:41:09+0000,1546846869000,VT_Create_date,VT 6106449779d453be4ae28d89f207e921 ,https://threatrecon.nshc.net/2019/01/30/operation-kitty-phishing/,kitty-phishing,https://www.virustotal.com/#/file/55e69e1337af0d93b5a3742d999bf805177c404e7e60e48f303509592ecd0e29/details,6106449779d453be4ae28d89f207e921,,,
2019-01-07T08:49:17+00:00,1546850957000,VT_Domain_to_ip,Domain mail-support.esy.es was resolving to 185.224.138.29,https://threatrecon.nshc.net/2019/01/30/operation-kitty-phishing/,kitty-phishing,https://www.virustotal.com/gui/domain/mail-support.esy.es/details,,185.224.138.29,mail-support.esy.es,
2019-01-07T13:33:19+00:00,1546867999000,VT_Domain_to_ip,Domain my-homework.890m.com was resolving to 185.224.138.29,https://threatrecon.nshc.net/2019/01/30/operation-kitty-phishing/,kitty-phishing,https://www.virustotal.com/gui/domain/my-homework.890m.com/details,,185.224.138.29,my-homework.890m.com,
2019-01-07T14:57:44+00:00,1546873064000,VT_Domain_to_ip,Domain nid-mail.esy.es was resolving to 185.224.138.29,https://threatrecon.nshc.net/2019/01/30/operation-kitty-phishing/,kitty-phishing,https://www.virustotal.com/gui/domain/nid-mail.esy.es/details,,185.224.138.29,nid-mail.esy.es,
2019-01-07T17:11:11+0000,1546881071000,VT_Debug_Artifactes,VT 1dfe826f71c20ff04987a9160c177e46 ,https://threatrecon.nshc.net/2019/01/30/operation-kitty-phishing/,kitty-phishing,https://www.virustotal.com/#/file/493aadefcf45642c34b4d84a84a41da9ac173b52c3217f62b3e25ece6379bd94/details,1dfe826f71c20ff04987a9160c177e46,,,
2019-01-07T18:11:11+0000,1546884671000,VT_Create_date,VT 1dfe826f71c20ff04987a9160c177e46 ,https://threatrecon.nshc.net/2019/01/30/operation-kitty-phishing/,kitty-phishing,https://www.virustotal.com/#/file/493aadefcf45642c34b4d84a84a41da9ac173b52c3217f62b3e25ece6379bd94/details,1dfe826f71c20ff04987a9160c177e46,,,
2019-01-08T07:25:21+00:00,1546932321000,VT_Domain_to_ip,Domain kuku675.site11.com was resolving to 145.14.145.44,https://threatrecon.nshc.net/2019/01/30/operation-kitty-phishing/,kitty-phishing,https://www.virustotal.com/gui/domain/kuku675.site11.com/details,,145.14.145.44,kuku675.site11.com,
2019-01-08T07:51:06+0000,1546933866000,VT_First_Submission,VT 5df830baf8a063d5c99f6d51d12956e0 ,https://threatrecon.nshc.net/2019/01/30/operation-kitty-phishing/,kitty-phishing,https://www.virustotal.com/#/file/58dc45c15d17c609f5237abf9a6d0a896a310bfd3406e72413b2929c781d6979/details,5df830baf8a063d5c99f6d51d12956e0,,,brave.ct
2019-01-08T10:19:06+0000,1546942746000,VT_First_Submission,VT 9d685308d3125e14287ecb7fbe5fcd37 ,https://threatrecon.nshc.net/2019/01/30/operation-kitty-phishing/,kitty-phishing,https://www.virustotal.com/#/file/71841a1b5ee1b383a9282bf513723b7f1713a0e1ee501db38d64c2db9ba08ec4/details,9d685308d3125e14287ecb7fbe5fcd37,,,
2019-01-08T10:19:06+0000,1546942746000,VT_Debug_Artifactes,VT 9d685308d3125e14287ecb7fbe5fcd37 ,https://threatrecon.nshc.net/2019/01/30/operation-kitty-phishing/,kitty-phishing,https://www.virustotal.com/#/file/71841a1b5ee1b383a9282bf513723b7f1713a0e1ee501db38d64c2db9ba08ec4/details,9d685308d3125e14287ecb7fbe5fcd37,,,
2019-01-08T10:19:20+0000,1546942760000,VT_First_Submission,VT 242c31d0ce2109fdface788663e90f49 ,https://threatrecon.nshc.net/2019/01/30/operation-kitty-phishing/,kitty-phishing,https://www.virustotal.com/#/file/12ee511259f7f03e8472efa8baf3e250b64f8da65fe71212cedfdac887f503f4/details,242c31d0ce2109fdface788663e90f49,,,
2019-01-08T10:19:56+0000,1546942796000,VT_First_Submission,VT 1dfe826f71c20ff04987a9160c177e46 ,https://threatrecon.nshc.net/2019/01/30/operation-kitty-phishing/,kitty-phishing,https://www.virustotal.com/#/file/493aadefcf45642c34b4d84a84a41da9ac173b52c3217f62b3e25ece6379bd94/details,1dfe826f71c20ff04987a9160c177e46,,,
2019-01-08T10:24:42+0000,1546943082000,VT_First_Submission,VT 6106449779d453be4ae28d89f207e921 ,https://threatrecon.nshc.net/2019/01/30/operation-kitty-phishing/,kitty-phishing,https://www.virustotal.com/#/file/55e69e1337af0d93b5a3742d999bf805177c404e7e60e48f303509592ecd0e29/details,6106449779d453be4ae28d89f207e921,,,
2019-01-08T10:30:18+0000,1546943418000,VT_First_Submission,VT 71ec829db01818d305552ec4ebb1c258 ,https://threatrecon.nshc.net/2019/01/30/operation-kitty-phishing/,kitty-phishing,https://www.virustotal.com/#/file/d9746224143010adada9989bf6b1014bb10e8165615e1ef6b58fd429cd2aa20a/details,71ec829db01818d305552ec4ebb1c258,,,
2019-01-09T11:18:52+00:00,1547032732000,VT_Domain_to_ip,Domain kuku79.herobo.com was resolving to 145.14.145.141,https://threatrecon.nshc.net/2019/01/30/operation-kitty-phishing/,kitty-phishing,https://www.virustotal.com/gui/domain/kuku79.herobo.com/details,,145.14.145.141,kuku79.herobo.com,
2019-01-09T11:19:02+00:00,1547032742000,VT_Domain_to_ip,Domain kuku79.herobo.com was resolving to 145.14.145.42,https://threatrecon.nshc.net/2019/01/30/operation-kitty-phishing/,kitty-phishing,https://www.virustotal.com/gui/domain/kuku79.herobo.com/details,,145.14.145.42,kuku79.herobo.com,
2019-01-09T22:13:35+0000,1547072015000,VT_First_Submission,"VT 15de7c404993391070b0ed538528d877 3.wsfThe “3.wsf” script is a script-based RAT. Unlike other malicious WSF (Windows Script File) scripts, it has its own RAT function and registers itself in the “RUN” registry with an “AhnLab V4” value to the persistent mechanism. AhnLab is a Korean local security vendor.",https://threatrecon.nshc.net/2019/01/30/operation-kitty-phishing/,kitty-phishing,https://www.virustotal.com/#/file/d992c84902992867a6dfc9caf4d80f211d4d7a7d3e9e043691768bb6d73b4987/details,15de7c404993391070b0ed538528d877,,,3.wsf
2019-01-15T02:18:25+00:00,1547518705000,VT_Domain_to_ip,Domain daum-safety-team.esy.es was resolving to 185.224.138.29,https://threatrecon.nshc.net/2019/01/30/operation-kitty-phishing/,kitty-phishing,https://www.virustotal.com/gui/domain/daum-safety-team.esy.es/details,,185.224.138.29,daum-safety-team.esy.es,
2019-01-15T21:29:20+0000,1547587760000,VT_Debug_Artifactes,VT ad2cb80af73b53345c06a3135b114a0d ,https://threatrecon.nshc.net/2019/01/30/operation-kitty-phishing/,kitty-phishing,https://www.virustotal.com/#/file/623458ffccbc4641a78914dcf9efdd78bbbd9103fc36d186c534a6d1aea4333d/details,ad2cb80af73b53345c06a3135b114a0d,,,
2019-01-15T21:29:31+0000,1547587771000,VT_Debug_Artifactes,VT b4909a2b4d4a59c15a5f69f5e5161aca appcontainer32.dll,https://threatrecon.nshc.net/2019/01/30/operation-kitty-phishing/,kitty-phishing,https://www.virustotal.com/#/file/03cd82887b032ce2968bb739d13e1dd0ce3683df5bc1b87edc6872ddcd1dc625/details,b4909a2b4d4a59c15a5f69f5e5161aca,,,appcontainer32.dll
2019-01-15T22:29:20+0000,1547591360000,VT_Create_date,"VT ad2cb80af73b53345c06a3135b114a0d %APPDATA%\roaming\microsoft\msbuild\appcontainer32.dll
",https://threatrecon.nshc.net/2019/01/30/operation-kitty-phishing/,kitty-phishing,https://www.virustotal.com/#/file/623458ffccbc4641a78914dcf9efdd78bbbd9103fc36d186c534a6d1aea4333d/details,ad2cb80af73b53345c06a3135b114a0d,,,"%APPDATA%\roaming\microsoft\msbuild\appcontainer32.dll
"
2019-01-15T22:29:31+0000,1547591371000,VT_Create_date,VT b4909a2b4d4a59c15a5f69f5e5161aca appcontainer32.dll,https://threatrecon.nshc.net/2019/01/30/operation-kitty-phishing/,kitty-phishing,https://www.virustotal.com/#/file/03cd82887b032ce2968bb739d13e1dd0ce3683df5bc1b87edc6872ddcd1dc625/details,b4909a2b4d4a59c15a5f69f5e5161aca,,,appcontainer32.dll
2019-01-16T04:55:36+0000,1547614536000,VT_Create_date,VT 66b73fba4e47b3184edd75b0ce9cf928 %APPDATA%\roaming\microsoft\alyacmonitor.db,https://threatrecon.nshc.net/2019/01/30/operation-kitty-phishing/,kitty-phishing,https://www.virustotal.com/#/file/d62bf83fb5a7b148f326908051b149b77663149d47426ce749e944f7abf5d304/details,66b73fba4e47b3184edd75b0ce9cf928,,,%APPDATA%\roaming\microsoft\alyacmonitor.db
2019-01-16T15:59:37+00:00,1547654377000,VT_Domain_to_ip,Domain ahnniab.esy.es was resolving to 185.224.138.29,https://threatrecon.nshc.net/2019/01/30/operation-kitty-phishing/,kitty-phishing,https://www.virustotal.com/gui/domain/ahnniab.esy.es/details,,185.224.138.29,ahnniab.esy.es,
2019-01-16T22:37:35+0000,1547678255000,VT_Debug_Artifactes,VT 7f3a6fa75c1a12f99f41444a15d4ae9b Cookie.a,https://threatrecon.nshc.net/2019/01/30/operation-kitty-phishing/,kitty-phishing,https://www.virustotal.com/#/file/d96f350c206b2d987c7b39daed7c81b7de4a5d1c73497c9971abb3114cc76e2d/details,7f3a6fa75c1a12f99f41444a15d4ae9b,,,Cookie.a
2019-01-16T23:37:35+0000,1547681855000,VT_Create_date,VT 7f3a6fa75c1a12f99f41444a15d4ae9b Cookie.a,https://threatrecon.nshc.net/2019/01/30/operation-kitty-phishing/,kitty-phishing,https://www.virustotal.com/#/file/d96f350c206b2d987c7b39daed7c81b7de4a5d1c73497c9971abb3114cc76e2d/details,7f3a6fa75c1a12f99f41444a15d4ae9b,,,Cookie.a
2019-01-17T00:00:00+0000,1547683200000,mail Delivered to reporters,"On January 7th, 2019, an email containing malware was distributed to 77 reporters who cover topics related to the Unification Ministry of South Korea using the email subject “RE: TF 참고자료”. A “TF 참고.zip” attachment had a password set and the password was sent along with the body of the email. The word “비번” in the body of the email is a slang word is used mainly by South Koreans, so these hackers are proficient in South Korean.",https://threatrecon.nshc.net/2019/01/30/operation-kitty-phishing/,kitty-phishing,,,,,
2019-01-18T17:50:22+0000,1547833822000,VT_Debug_Artifactes,VT de9dcc0ab3a1901ab849b8118d322df1 kakao.a,https://threatrecon.nshc.net/2019/01/30/operation-kitty-phishing/,kitty-phishing,https://www.virustotal.com/#/file/0ba05db51dfb118f82a38afaca2174a9b51ff59f20c90fd634b7298e019eacbf/details,de9dcc0ab3a1901ab849b8118d322df1,,,kakao.a
2019-01-18T18:50:22+0000,1547837422000,VT_Create_date,VT de9dcc0ab3a1901ab849b8118d322df1 kakao.a,https://threatrecon.nshc.net/2019/01/30/operation-kitty-phishing/,kitty-phishing,https://www.virustotal.com/#/file/0ba05db51dfb118f82a38afaca2174a9b51ff59f20c90fd634b7298e019eacbf/details,de9dcc0ab3a1901ab849b8118d322df1,,,kakao.a
2019-01-20T05:39:43+0000,1547962783000,VT_First_Submission,"VT 20301fdd013c836039b8cfe0d100a1d7 ""=?UTF-8?B?QzpcVXNlcnNcZ3JlZW53ZWJcRGVza3RvcFzspJHqta0t7Jew6rWs7J6Q66OMLmh3cCAgICAgICAgICAgICAgICAgICAgICAgICAgICAgICAgICAgICAgICAgICAgICAgICAgICAgICAgICAgICAgICAgICAgICAgICAgICAgICAgICAgICAgICAgICAgICAgICAgICAgICAuc2Ny?=
""",https://threatrecon.nshc.net/2019/01/30/operation-kitty-phishing/,kitty-phishing,https://www.virustotal.com/#/file/84edc9b828de54d4bd00959fabf583a1392cb4c3eab3498c52818c96dc554b90/details,20301fdd013c836039b8cfe0d100a1d7,,,"""=?UTF-8?B?QzpcVXNlcnNcZ3JlZW53ZWJcRGVza3RvcFzspJHqta0t7Jew6rWs7J6Q66OMLmh3cCAgICAgICAgICAgICAgICAgICAgICAgICAgICAgICAgICAgICAgICAgICAgICAgICAgICAgICAgICAgICAgICAgICAgICAgICAgICAgICAgICAgICAgICAgICAgICAgICAgICAgICAuc2Ny?=
"""
2019-01-20T05:40:08+0000,1547962808000,VT_First_Submission,VT 66b73fba4e47b3184edd75b0ce9cf928 %APPDATA%\roaming\microsoft\alyacmonitor.db,https://threatrecon.nshc.net/2019/01/30/operation-kitty-phishing/,kitty-phishing,https://www.virustotal.com/#/file/d62bf83fb5a7b148f326908051b149b77663149d47426ce749e944f7abf5d304/details,66b73fba4e47b3184edd75b0ce9cf928,,,%APPDATA%\roaming\microsoft\alyacmonitor.db
2019-01-20T06:19:28+00:00,1547965168000,VT_Domain_to_ip,Domain safe-naver-mail.pe.hu was resolving to 185.224.138.29,https://threatrecon.nshc.net/2019/01/30/operation-kitty-phishing/,kitty-phishing,https://www.virustotal.com/gui/domain/safe-naver-mail.pe.hu/details,,185.224.138.29,safe-naver-mail.pe.hu,
2019-01-20T20:18:21+0000,1548015501000,VT_Debug_Artifactes,"VT 20301fdd013c836039b8cfe0d100a1d7 ""=?UTF-8?B?QzpcVXNlcnNcZ3JlZW53ZWJcRGVza3RvcFzspJHqta0t7Jew6rWs7J6Q66OMLmh3cCAgICAgICAgICAgICAgICAgICAgICAgICAgICAgICAgICAgICAgICAgICAgICAgICAgICAgICAgICAgICAgICAgICAgICAgICAgICAgICAgICAgICAgICAgICAgICAgICAgICAgICAuc2Ny?=
""",https://threatrecon.nshc.net/2019/01/30/operation-kitty-phishing/,kitty-phishing,https://www.virustotal.com/#/file/84edc9b828de54d4bd00959fabf583a1392cb4c3eab3498c52818c96dc554b90/details,20301fdd013c836039b8cfe0d100a1d7,,,"""=?UTF-8?B?QzpcVXNlcnNcZ3JlZW53ZWJcRGVza3RvcFzspJHqta0t7Jew6rWs7J6Q66OMLmh3cCAgICAgICAgICAgICAgICAgICAgICAgICAgICAgICAgICAgICAgICAgICAgICAgICAgICAgICAgICAgICAgICAgICAgICAgICAgICAgICAgICAgICAgICAgICAgICAgICAgICAgICAuc2Ny?=
"""
2019-01-20T21:18:21+0000,1548019101000,VT_Create_date,"VT 20301fdd013c836039b8cfe0d100a1d7 ""=?UTF-8?B?QzpcVXNlcnNcZ3JlZW53ZWJcRGVza3RvcFzspJHqta0t7Jew6rWs7J6Q66OMLmh3cCAgICAgICAgICAgICAgICAgICAgICAgICAgICAgICAgICAgICAgICAgICAgICAgICAgICAgICAgICAgICAgICAgICAgICAgICAgICAgICAgICAgICAgICAgICAgICAgICAgICAgICAuc2Ny?=
""",https://threatrecon.nshc.net/2019/01/30/operation-kitty-phishing/,kitty-phishing,https://www.virustotal.com/#/file/84edc9b828de54d4bd00959fabf583a1392cb4c3eab3498c52818c96dc554b90/details,20301fdd013c836039b8cfe0d100a1d7,,,"""=?UTF-8?B?QzpcVXNlcnNcZ3JlZW53ZWJcRGVza3RvcFzspJHqta0t7Jew6rWs7J6Q66OMLmh3cCAgICAgICAgICAgICAgICAgICAgICAgICAgICAgICAgICAgICAgICAgICAgICAgICAgICAgICAgICAgICAgICAgICAgICAgICAgICAgICAgICAgICAgICAgICAgICAgICAgICAgICAuc2Ny?=
"""
2019-01-21T15:48:22+0000,1548085702000,VT_Create_date,VT b08d27a0ad17a89614f02fcbd70609d9 MSOfficeUpdate64,https://threatrecon.nshc.net/2019/01/30/operation-kitty-phishing/,kitty-phishing,https://www.virustotal.com/#/file/5f05c1dffda819f082a1df8cc81faa77d3d69ba4b1d0a2092c2d5b66234f2d7e/details,b08d27a0ad17a89614f02fcbd70609d9,,,MSOfficeUpdate64
2019-01-23T17:12:57+0000,1548263577000,VT_Debug_Artifactes,VT a744b23123ae7c6fb50b54fd3bf2e38e f.a,https://threatrecon.nshc.net/2019/01/30/operation-kitty-phishing/,kitty-phishing,https://www.virustotal.com/#/file/f483d5051f39d1b08613479ccbc81423a15bfe5c5fb5a7792d4307a8af4e4586/details,a744b23123ae7c6fb50b54fd3bf2e38e,,,f.a
2019-01-23T18:12:57+0000,1548267177000,VT_Create_date,VT a744b23123ae7c6fb50b54fd3bf2e38e f.a,https://threatrecon.nshc.net/2019/01/30/operation-kitty-phishing/,kitty-phishing,https://www.virustotal.com/#/file/f483d5051f39d1b08613479ccbc81423a15bfe5c5fb5a7792d4307a8af4e4586/details,a744b23123ae7c6fb50b54fd3bf2e38e,,,f.a
2019-01-30T00:00:00+0000,1548806400000,Report published,Report was published,https://threatrecon.nshc.net/2019/01/30/operation-kitty-phishing/,kitty-phishing,,,,,
2019-01-30T15:53:43+00:00,1548863623000,VT_Domain_to_ip,Domain kuku675.site11.com was resolving to 145.14.145.157,https://threatrecon.nshc.net/2019/01/30/operation-kitty-phishing/,kitty-phishing,https://www.virustotal.com/gui/domain/kuku675.site11.com/details,,145.14.145.157,kuku675.site11.com,
2019-01-30T15:53:53+00:00,1548863633000,VT_Domain_to_ip,Domain kuku675.site11.com was resolving to 145.14.145.7,https://threatrecon.nshc.net/2019/01/30/operation-kitty-phishing/,kitty-phishing,https://www.virustotal.com/gui/domain/kuku675.site11.com/details,,145.14.145.7,kuku675.site11.com,
2019-01-30T16:15:17+0000,1548864917000,VT_First_Submission,VT b4909a2b4d4a59c15a5f69f5e5161aca appcontainer32.dll,https://threatrecon.nshc.net/2019/01/30/operation-kitty-phishing/,kitty-phishing,https://www.virustotal.com/#/file/03cd82887b032ce2968bb739d13e1dd0ce3683df5bc1b87edc6872ddcd1dc625/details,b4909a2b4d4a59c15a5f69f5e5161aca,,,appcontainer32.dll
2019-01-30T16:15:17+0000,1548864917000,VT_First_Submission,VT ad2cb80af73b53345c06a3135b114a0d ,https://threatrecon.nshc.net/2019/01/30/operation-kitty-phishing/,kitty-phishing,https://www.virustotal.com/#/file/623458ffccbc4641a78914dcf9efdd78bbbd9103fc36d186c534a6d1aea4333d/details,ad2cb80af73b53345c06a3135b114a0d,,,
2019-01-30T16:16:02+0000,1548864962000,VT_First_Submission,VT a744b23123ae7c6fb50b54fd3bf2e38e f.a,https://threatrecon.nshc.net/2019/01/30/operation-kitty-phishing/,kitty-phishing,https://www.virustotal.com/#/file/f483d5051f39d1b08613479ccbc81423a15bfe5c5fb5a7792d4307a8af4e4586/details,a744b23123ae7c6fb50b54fd3bf2e38e,,,f.a
2019-01-30T16:16:04+0000,1548864964000,VT_First_Submission,VT 7f3a6fa75c1a12f99f41444a15d4ae9b Cookie.a,https://threatrecon.nshc.net/2019/01/30/operation-kitty-phishing/,kitty-phishing,https://www.virustotal.com/#/file/d96f350c206b2d987c7b39daed7c81b7de4a5d1c73497c9971abb3114cc76e2d/details,7f3a6fa75c1a12f99f41444a15d4ae9b,,,Cookie.a
2019-01-30T16:16:50+0000,1548865010000,VT_First_Submission,VT de9dcc0ab3a1901ab849b8118d322df1 kakao.a,https://threatrecon.nshc.net/2019/01/30/operation-kitty-phishing/,kitty-phishing,https://www.virustotal.com/#/file/0ba05db51dfb118f82a38afaca2174a9b51ff59f20c90fd634b7298e019eacbf/details,de9dcc0ab3a1901ab849b8118d322df1,,,kakao.a
2019-01-30T16:16:51+0000,1548865011000,VT_First_Submission,VT b08d27a0ad17a89614f02fcbd70609d9 MSOfficeUpdate64,https://threatrecon.nshc.net/2019/01/30/operation-kitty-phishing/,kitty-phishing,https://www.virustotal.com/#/file/5f05c1dffda819f082a1df8cc81faa77d3d69ba4b1d0a2092c2d5b66234f2d7e/details,b08d27a0ad17a89614f02fcbd70609d9,,,MSOfficeUpdate64
2019-01-30T21:50:52+00:00,1548885052000,VT_Domain_to_ip,Domain kuku79.herobo.com was resolving to 145.14.144.249,https://threatrecon.nshc.net/2019/01/30/operation-kitty-phishing/,kitty-phishing,https://www.virustotal.com/gui/domain/kuku79.herobo.com/details,,145.14.144.249,kuku79.herobo.com,
2019-01-31T05:48:14+0000,1548913694000,VT_First_Submission,VT 96d8f2c61af12ea18d18e5deaaacb586 ,https://threatrecon.nshc.net/2019/01/30/operation-kitty-phishing/,kitty-phishing,https://www.virustotal.com/#/file/2b8a31c6a2a70ad4b5c593400731b418b91b0d55c48158a8a024420792268328/details,96d8f2c61af12ea18d18e5deaaacb586,,,
2019-01-31T09:01:48+00:00,1548925308000,VT_Domain_to_ip,Domain kuku79.herobo.com was resolving to 145.14.145.69,https://threatrecon.nshc.net/2019/01/30/operation-kitty-phishing/,kitty-phishing,https://www.virustotal.com/gui/domain/kuku79.herobo.com/details,,145.14.145.69,kuku79.herobo.com,
2019-01-31T09:03:38+00:00,1548925418000,VT_Domain_to_ip,Domain kuku675.site11.com was resolving to 145.14.144.161,https://threatrecon.nshc.net/2019/01/30/operation-kitty-phishing/,kitty-phishing,https://www.virustotal.com/gui/domain/kuku675.site11.com/details,,145.14.144.161,kuku675.site11.com,
2019-01-31T09:03:42+00:00,1548925422000,VT_Domain_to_ip,Domain kuku79.herobo.com was resolving to 145.14.145.44,https://threatrecon.nshc.net/2019/01/30/operation-kitty-phishing/,kitty-phishing,https://www.virustotal.com/gui/domain/kuku79.herobo.com/details,,145.14.145.44,kuku79.herobo.com,
2019-01-31T14:38:30+0000,1548945510000,VT_First_Submission,VT a89eb2dbf497e21d19ba7f94afcb11b6 ,https://threatrecon.nshc.net/2019/01/30/operation-kitty-phishing/,kitty-phishing,https://www.virustotal.com/#/file/59283e60015923ab16f51dcb29350158f8f86e6d86dcaf8377468bb20bea3570/details,a89eb2dbf497e21d19ba7f94afcb11b6,,,
2019-01-31T16:48:19+00:00,1548953299000,VT_Domain_to_ip,Domain kuku79.herobo.com was resolving to 145.14.144.65,https://threatrecon.nshc.net/2019/01/30/operation-kitty-phishing/,kitty-phishing,https://www.virustotal.com/gui/domain/kuku79.herobo.com/details,,145.14.144.65,kuku79.herobo.com,
2019-02-01T03:30:10+0000,1548991810000,VT_First_Submission,VT 12f1189bda56956ba5e6a332da5e078c ,https://threatrecon.nshc.net/2019/01/30/operation-kitty-phishing/,kitty-phishing,https://www.virustotal.com/#/file/2c523736994639172ee7375a8e1392081f699ae0cc397015e1cad47ce44cfded/details,12f1189bda56956ba5e6a332da5e078c,,,22327045
2019-02-02T05:52:50+0000,1549086770000,VT_First_Submission,VT f8b9ac484b82cba3f67766a7f20e588c 2.wsf,,,https://www.virustotal.com/#/file/38368ada36a1d98bbc55408e26a2219ec60e0e53c8d34d67fd010af574f84e5a/details,f8b9ac484b82cba3f67766a7f20e588c,,,2.wsf
2019-02-02T05:52:50+0000,1549086770000,VT_First_Submission,"VT f8b9ac484b82cba3f67766a7f20e588c The purpose of the “2.wsf” script is to download and run the BASE64 encoded “Freedom.dll” malware.

",https://threatrecon.nshc.net/2019/01/30/operation-kitty-phishing/,kitty-phishing,https://www.virustotal.com/#/file/38368ada36a1d98bbc55408e26a2219ec60e0e53c8d34d67fd010af574f84e5a/details,f8b9ac484b82cba3f67766a7f20e588c,,,2.wsf
2019-02-04T06:22:15+00:00,1549261335000,VT_Domain_to_ip,Domain kuku79.herobo.com was resolving to 145.14.145.186,https://threatrecon.nshc.net/2019/01/30/operation-kitty-phishing/,kitty-phishing,https://www.virustotal.com/gui/domain/kuku79.herobo.com/details,,145.14.145.186,kuku79.herobo.com,
2019-02-04T14:36:08+0000,1549290968000,VT_First_Submission,VT eacd631d6acbd36542ff4349626b06a6 ,https://threatrecon.nshc.net/2019/01/30/operation-kitty-phishing/,kitty-phishing,https://www.virustotal.com/#/file/9898a3669c457aa9ab56bd25d26d0a92605a4a0dccca2b2d8814f684bf2e9334/details,eacd631d6acbd36542ff4349626b06a6,,,
2019-02-07T05:22:43+00:00,1549516963000,VT_Domain_to_ip,Domain kuku79.herobo.com was resolving to 145.14.144.39,https://threatrecon.nshc.net/2019/01/30/operation-kitty-phishing/,kitty-phishing,https://www.virustotal.com/gui/domain/kuku79.herobo.com/details,,145.14.144.39,kuku79.herobo.com,
2019-02-08T00:38:13+00:00,1549586293000,VT_Domain_to_ip,Domain kuku79.herobo.com was resolving to 145.14.144.82,https://threatrecon.nshc.net/2019/01/30/operation-kitty-phishing/,kitty-phishing,https://www.virustotal.com/gui/domain/kuku79.herobo.com/details,,145.14.144.82,kuku79.herobo.com,
2019-02-08T08:03:20+00:00,1549613000000,VT_Domain_to_ip,Domain gyjmc.com was resolving to 1.226.84.19,https://threatrecon.nshc.net/2019/01/30/operation-kitty-phishing/,kitty-phishing,https://www.virustotal.com/gui/domain/gyjmc.com/details,,1.226.84.19,gyjmc.com,
2019-02-08T08:03:43+00:00,1549613023000,VT_Domain_to_ip,Domain jundosase.cafe24.com was resolving to 119.205.197.53,https://threatrecon.nshc.net/2019/01/30/operation-kitty-phishing/,kitty-phishing,https://www.virustotal.com/gui/domain/jundosase.cafe24.com/details,,119.205.197.53,jundosase.cafe24.com,
2019-02-08T08:03:57+00:00,1549613037000,VT_Domain_to_ip,Domain kuku675.site11.com was resolving to 145.14.145.80,https://threatrecon.nshc.net/2019/01/30/operation-kitty-phishing/,kitty-phishing,https://www.virustotal.com/gui/domain/kuku675.site11.com/details,,145.14.145.80,kuku675.site11.com,
2019-02-08T08:03:59+00:00,1549613039000,VT_Domain_to_ip,Domain kuku675.site11.com was resolving to 145.14.145.49,https://threatrecon.nshc.net/2019/01/30/operation-kitty-phishing/,kitty-phishing,https://www.virustotal.com/gui/domain/kuku675.site11.com/details,,145.14.145.49,kuku675.site11.com,
2019-02-08T08:04:07+00:00,1549613047000,VT_Domain_to_ip,Domain kuku79.herobo.com was resolving to 145.14.145.158,https://threatrecon.nshc.net/2019/01/30/operation-kitty-phishing/,kitty-phishing,https://www.virustotal.com/gui/domain/kuku79.herobo.com/details,,145.14.145.158,kuku79.herobo.com,
2019-02-08T08:04:22+00:00,1549613062000,VT_Domain_to_ip,Domain mail-service.pe.hu was resolving to 185.224.138.29,https://threatrecon.nshc.net/2019/01/30/operation-kitty-phishing/,kitty-phishing,https://www.virustotal.com/gui/domain/mail-service.pe.hu/details,,185.224.138.29,mail-service.pe.hu,
2019-02-08T08:05:10+00:00,1549613110000,VT_Domain_to_ip,Domain nav-mail.hol.es was resolving to 185.224.138.29,https://threatrecon.nshc.net/2019/01/30/operation-kitty-phishing/,kitty-phishing,https://www.virustotal.com/gui/domain/nav-mail.hol.es/details,,185.224.138.29,nav-mail.hol.es,
2019-02-08T08:06:11+00:00,1549613171000,VT_Domain_to_ip,Domain suppcrt-seourity.esy.es was resolving to 185.224.138.29,https://threatrecon.nshc.net/2019/01/30/operation-kitty-phishing/,kitty-phishing,https://www.virustotal.com/gui/domain/suppcrt-seourity.esy.es/details,,185.224.138.29,suppcrt-seourity.esy.es,
2019-02-08T08:51:22+00:00,1549615882000,VT_Domain_to_ip,Domain kuku79.herobo.com was resolving to 145.14.145.150,https://threatrecon.nshc.net/2019/01/30/operation-kitty-phishing/,kitty-phishing,https://www.virustotal.com/gui/domain/kuku79.herobo.com/details,,145.14.145.150,kuku79.herobo.com,
2019-02-08T17:43:17+00:00,1549647797000,VT_Domain_to_ip,Domain kuku675.site11.com was resolving to 145.14.145.1,https://threatrecon.nshc.net/2019/01/30/operation-kitty-phishing/,kitty-phishing,https://www.virustotal.com/gui/domain/kuku675.site11.com/details,,145.14.145.1,kuku675.site11.com,
2019-02-08T17:43:20+00:00,1549647800000,VT_Domain_to_ip,Domain kuku79.herobo.com was resolving to 145.14.145.187,https://threatrecon.nshc.net/2019/01/30/operation-kitty-phishing/,kitty-phishing,https://www.virustotal.com/gui/domain/kuku79.herobo.com/details,,145.14.145.187,kuku79.herobo.com,
2019-02-08T17:48:28+00:00,1549648108000,VT_Domain_to_ip,Domain kuku675.site11.com was resolving to 145.14.144.34,https://threatrecon.nshc.net/2019/01/30/operation-kitty-phishing/,kitty-phishing,https://www.virustotal.com/gui/domain/kuku675.site11.com/details,,145.14.144.34,kuku675.site11.com,
2019-02-08T17:48:30+00:00,1549648110000,VT_Domain_to_ip,Domain kuku79.herobo.com was resolving to 145.14.144.160,https://threatrecon.nshc.net/2019/01/30/operation-kitty-phishing/,kitty-phishing,https://www.virustotal.com/gui/domain/kuku79.herobo.com/details,,145.14.144.160,kuku79.herobo.com,
2019-02-08T22:56:46+00:00,1549666606000,VT_Domain_to_ip,Domain kuku79.herobo.com was resolving to 145.14.145.239,https://threatrecon.nshc.net/2019/01/30/operation-kitty-phishing/,kitty-phishing,https://www.virustotal.com/gui/domain/kuku79.herobo.com/details,,145.14.145.239,kuku79.herobo.com,
2019-02-09T05:08:12+00:00,1549688892000,VT_Domain_to_ip,Domain jejuseongahn.org was resolving to 211.43.203.113,https://threatrecon.nshc.net/2019/01/30/operation-kitty-phishing/,kitty-phishing,https://www.virustotal.com/gui/domain/jejuseongahn.org/details,,211.43.203.113,jejuseongahn.org,
2019-02-11T22:55:53+00:00,1549925753000,VT_Domain_to_ip,Domain kuku79.herobo.com was resolving to 145.14.145.91,https://threatrecon.nshc.net/2019/01/30/operation-kitty-phishing/,kitty-phishing,https://www.virustotal.com/gui/domain/kuku79.herobo.com/details,,145.14.145.91,kuku79.herobo.com,
2019-02-24T02:31:42+00:00,1550975502000,VT_Domain_to_ip,Domain ago2.co.kr was resolving to 49.212.180.106,https://threatrecon.nshc.net/2019/01/30/operation-kitty-phishing/,kitty-phishing,https://www.virustotal.com/gui/domain/ago2.co.kr/details,,49.212.180.106,ago2.co.kr,
2019-02-24T02:43:44+00:00,1550976224000,VT_Domain_to_ip,Domain myaccounnts-goggle.esy.es was resolving to 185.224.138.29,https://threatrecon.nshc.net/2019/01/30/operation-kitty-phishing/,kitty-phishing,https://www.virustotal.com/gui/domain/myaccounnts-goggle.esy.es/details,,185.224.138.29,myaccounnts-goggle.esy.es,
2019-02-24T03:43:32+00:00,1550979812000,VT_Domain_to_ip,Domain aiyac-updaite.hol.es was resolving to 185.224.138.29,https://threatrecon.nshc.net/2019/01/30/operation-kitty-phishing/,kitty-phishing,https://www.virustotal.com/gui/domain/aiyac-updaite.hol.es/details,,185.224.138.29,aiyac-updaite.hol.es,